corpus	work_id	title	verdict	text_policy	characters	semantic_tokens_before_truncation	semantic_chunked	semantic_truncated	analysis_text
included	w_c05624cc0be4c2cb	A jamming transition from under- to over-parametrization affects generalization in deep learning	INCLUDE	supported-claims-results	717	150	0	0	Title: A jamming transition from under- to over-parametrization affects generalization in deep learning. Claim: The number of unsatisfied constraints jumps discontinuously at the jamming line. Supporting result: The internal discontinuity and behavioral cusp are reproduced across sample sizes, depths, losses, activations, and random versus structured data; early stopping removes the cusp as predicted. Claim: Width and sample count control a qualitative loss-landscape regime change tied to generalization. Supporting result: Systematic parameter/sample sweeps connect the satisfiable/unsatisfiable constraint organization and Hessian geometry to training fit and a cusp in test error across random data and MNIST.
included	w_f94f564014be4c25	A Mechanistic Analysis of Transformers for Dynamical Systems	INCLUDE	supported-claims-results	759	147	0	0	Title: A Mechanistic Analysis of Transformers for Dynamical Systems. Claim: A three-dimensional latent state learned from scalar histories preserves the system's predictive dynamics. Supporting result: The compact latent supports held-out forecasting and reconstruction of the higher-dimensional flow field; context and latent-dimension ablations plus five-fold cross-validation establish faithful functional retention. Claim: Context length and latent dimension control recovery of a predictive dynamical-system state. Supporting result: Context, latent-width, parameter-conditioning, and architecture controls connect the change from folded to separated latent geometry to forecasting and flow-field reconstruction over ten seeds and cross-validation folds.
included	w_3f7299052e18118d	A Neural Network Model of Free Recall Learns Multiple Memory Strategies	INCLUDE	supported-claims-results	1002	185	0	0	Title: A Neural Network Model of Free Recall Learns Multiple Memory Strategies. Claim: The best free-recall models compress list content into a stimulus-invariant serial-index scaffold that supports efficient and robust retrieval. Supporting result: Index explains substantially more hidden-state variance for the memory-palace strategy, cross-decodes across items and study/response phases, and the same recurrent state is the cosine-similarity cue used to retrieve stored memories; the strategy has the best accuracy and noise robustness. Claim: The network learns an item-independent serial-position coordinate system analogous to a memory palace, without a prescribed recall order. Supporting result: Across trained populations, a stable positional trajectory distinct from temporal-context strategies emerges despite reward being indifferent to recall order; it is reinstated during retrieval, linked to forward recall, and its incidence shifts predictably with discount and memory-flush controls.
included	w_07d5eb02f4e65497	A phase transition between positional and semantic learning in a solvable model of dot-product attention	INCLUDE	supported-claims-results	838	150	0	0	Title: A phase transition between positional and semantic learning in a solvable model of dot-product attention. Claim: A phase boundary separates positional and semantic attention regimes. Supporting result: At the predicted critical sample load, the positional order parameter gives way to semantic alignment while generalization crosses the positional-baseline boundary; analytic loss-landscape results and repeated finite-size simulations locate the same transition. Claim: Increasing sample complexity shifts attention from positional to semantic solutions. Supporting result: Sweeps over sample load alpha connect a switch in the semantic and positional order parameters to the validation-MSE advantage of the semantic solution; 24 problem instances, 30-run finite-size tests, and matrix/architecture controls reproduce the regimes.
included	w_ee7cdd8c7d281656	A simple model of co-emergence of grid and place fields	INCLUDE	supported-claims-results	770	147	0	0	Title: A simple model of co-emergence of grid and place fields. Claim: A single predictive RNN develops complementary grid- and place-like spatial codes without spatial supervision. Supporting result: Neither cell type nor allocentric coordinates are supplied; formal field metrics characterize the learned codes, while architecture removals and new-environment experiments show the recurrent state uses the organization for next-sensory prediction. Claim: Noise, masking, memory decay, environment, and training time reorganize the balance of spatial codes. Supporting result: One thousand parameter configurations, ten-seed replication, architectural controls, and developmental trajectories connect place/grid population regimes to the sensory-prediction computation.
included	w_92e78fbf258ed40a	Assign and Add: A Mechanistic Study of Compositional Arithmetic	INCLUDE	supported-claims-results	720	129	0	0	Title: Assign and Add: A Mechanistic Study of Compositional Arithmetic. Claim: The transformer learns to compose a Fourier addition circuit with a variable-binding circuit. Supporting result: The combined mechanism is not prescribed, is formally decomposed into Fourier and modified-induction operations, and isolated-subcircuit, mismatch, and intervention tests establish functional composition on unseen combinations. Claim: Assignment and modular-addition mechanisms form in distinct training phases. Supporting result: Checkpoint analysis and alternative-initialization controls show a modular-addition circuit forming before a sharp variable-binding attention reorganization and the compositional accuracy increase.
included	w_7642d8c74152ab9f	Attention-Head Binding as a Term-Conditioned Mechanistic Marker of Accessibility Concept Emergence in Language Models	INCLUDE	supported-claims-results	663	134	0	0	Title: Attention-Head Binding as a Term-Conditioned Mechanistic Marker of Accessibility Concept Emergence in Language Models. Claim: A parameter threshold near 1B and a training-step threshold govern decoupling. Supporting result: The claimed thresholds pair a mechanistic binding transition with behavior, causal top/random/bottom-head controls, five CRFM seeds, and cross-architecture checks. Claim: The structure-behavior relationship transforms qualitatively across scales. Supporting result: Seven models across five architectures and checkpoints show scale- and training-dependent binding regimes; targeted head ablation reverses sign between 160M and 2.8B.
included	w_3d415e237f7c4f65	Autocorrelations from emergent bistability in homeostatic spiking neural networks on neuromorphic hardware	INCLUDE	supported-claims-results	863	171	0	0	Title: Autocorrelations from emergent bistability in homeostatic spiking neural networks on neuromorphic hardware. Claim: An input-controlled nonequilibrium transition produces bistability and long autocorrelation times. Supporting result: The internal population distribution changes near the identified input boundary together with the autocorrelation regime; hardware, finite-size simulation, analytic mean field, and repeated experimental runs distinguish the bifurcation from scale-free avalanche criticality. Claim: External input and system size control an emergent bistable population regime after homeostatic learning. Supporting result: Input and size sweeps connect the learned recurrent-weight organization and unimodal-to-bimodal population dynamics to autocorrelation behavior in neuromorphic hardware, software replication, and mean-field controls.
included	w_3144bdd83cd17ac0	Automated construction of cognitive maps with visual predictive coding	INCLUDE	supported-claims-results	786	142	0	0	Title: Automated construction of cognitive maps with visual predictive coding. Claim: Predictive coding compresses visual sequences into a compact spatial representation. Supporting result: The predictive latent retains substantially more positional information than a matched autoencoder in visually degenerate corridors, and its learned overlap code is directly consumed to predict future images and decode displacement. Claim: A coordinate-free cognitive map emerges from visual predictive coding. Supporting result: Without position labels or prescribed map coordinates, the model learns formally characterized place-like regions and a metric/topological overlap code; prediction and displacement readouts use that code, with autoencoder and symmetry controls delimiting the result.
included	w_0ff86e6a31e1d145	Balancing Stability and Flow in Hippocampal Networks via Inductive Bias and Learned Symmetry Breaking	INCLUDE	supported-claims-results	990	188	0	0	Title: Balancing Stability and Flow in Hippocampal Networks via Inductive Bias and Learned Symmetry Breaking. Claim: Prediction training produces a tilted Mexican-hat recurrent organization from random connectivity. Supporting result: Without prescribing the learned recurrent weights, optimization produces a formally decomposed mixed-symmetry attractor-like organization; replay from noise and prefix-conditioned prediction use its stabilizing symmetric and flow-inducing antisymmetric components, with component-family and local-plasticity controls reproducing the functional regimes. Claim: Replay and prediction depend qualitatively on the balance between symmetric and antisymmetric recurrence. Supporting result: Training trajectories and initialization sweeps connect convergence toward an intermediate symmetry regime to coherent replay, prediction, and optimization; identity, cyclic-shift, random, and Mexican-hat families delimit stabilization and directional-flow alternatives.
included	w_47f0ccb3e2ec3eac	Beyond Induction Heads: In-Context Meta Learning Induces Multi-Phase Circuit Emergence	INCLUDE	supported-claims-results	602	113	0	0	Title: Beyond Induction Heads: In-Context Meta Learning Induces Multi-Phase Circuit Emergence. Claim: Circuit metrics change abruptly with the sudden jumps in accuracy. Supporting result: Circuit metrics shift cleanly at behavioral phase boundaries across plotted seeds, including a smooth-loss setting with hidden abrupt circuit specialization. Claim: A unique circuit emerges in each phase during training. Supporting result: Checkpoint curves show NCC, SCC, and FCC circuits replacing one another as ICL accuracy moves through its three plateaus; masked-circuit predictions reproduce phase behavior.
included	w_63db75cd5e03c2b8	Bridging Lottery Ticket and Grokking: Understanding Grokking from Inner Structure of Networks	INCLUDE	supported-claims-results	977	177	0	0	Title: Bridging Lottery Ticket and Grokking: Understanding Grokking from Inner Structure of Networks. Claim: The winning subnetwork changes rapidly at the generalization transition. Supporting result: Graph-structure and overlap quantities transition with accuracy across replicated settings; edge-popup selection converts memorizing weights toward the generalizing behavior without ordinary weight training. Claim: Training discovers a formally structured Fourier-like lottery-ticket circuit. Supporting result: The sparse circuit is not architecturally specified, is characterized by graph and frequency structure, transfers across matched runs, and causally supports generalization through masking and edge-popup interventions. Claim: A sparse generalizing subnetwork forms late in grokking training. Supporting result: Checkpoint, task, architecture, and initialization comparisons connect a structural subnetwork transition to delayed generalization across multiple seeds.
included	w_584c8d983c92b47f	Circuit Synchronization Precedes Generalization: A Causal Precursor to Grokking	INCLUDE	supported-claims-results	728	135	0	0	Title: Circuit Synchronization Precedes Generalization: A Causal Precursor to Grokking. Claim: Training constructs a synchronized Fourier circuit that executes the learned algorithm. Supporting result: The circuit is not inserted by the architecture, is formally decomposed into interacting frequency components, and is validated by component-level interventions and forked training controls that change generalization. Claim: Fourier-circuit synchronization develops before delayed generalization. Supporting result: Checkpoint trajectories across tasks, configurations, and seeds connect synchronization of independently learned Fourier components to the later accuracy transition; matched weight-decay forks move both events.
included	w_679c49d202c94f8e	Control of criticality and computation in spiking neuromorphic networks with plasticity	INCLUDE	supported-claims-results	794	146	0	0	Title: Control of criticality and computation in spiking neuromorphic networks with plasticity. Claim: Low external drive moves the learned recurrent network into a critical regime with distinct computational behavior. Supporting result: Branching ratio, autocorrelation, susceptibility, finite-size avalanche cutoff, and complex-task performance change together under the input control; one hundred random-seed runs and hardware/software validation replicate the regime. Claim: External input strength controls critical network organization and task-dependent computation. Supporting result: Input-strength and finite-size series connect plasticity-shaped recurrent dynamics to avalanche, branching, correlation, information, and task-performance changes across hardware and software controls.
included	w_3a9d20d4ea381a66	Critical dynamics in associative memory networks	INCLUDE	supported-claims-results	835	156	0	0	Title: Critical dynamics in associative memory networks. Claim: Plasticity regulation moves the learned associative network into a scale-free avalanche regime while preserving retrieval behavior. Supporting result: An explicit power-law-deviation threshold distinguishes critical from noncritical regimes; mechanism controls, load series, and ten-trial ensembles pair the internal regime with stored-pattern retrieval and delimit the capacity boundary. Claim: Memory load and regulatory mechanism control whether learned coupling structure supports both critical dynamics and associative retrieval. Supporting result: Load sweeps and Hebbian-only, homeostatic, and dynamical-synapse controls connect qualitative coupling/regime changes to reconstruction overlap and capacity; ten independent trials per load replicate the relationship.
included	w_d18730b289f06c03	Critical dynamics in homeostatic memory networks	INCLUDE	supported-claims-results	796	158	0	0	Title: Critical dynamics in homeostatic memory networks. Claim: Homeostatic regulation controls a subcritical-to-critical-or-supercritical transition while memory retrieval evolves. Supporting result: An explicit power-law-error threshold, coupling increments, two sizes, depressive/facilitative synapses, and three pattern structures delimit the internal transition and pair it with retrieval-quality dynamics. Claim: Learning history, coupling, network size, and pattern structure control internal regime organization and associative retrieval. Supporting result: Coupling sweeps, two network sizes, three pattern structures, and learning-time traces connect changes in learned connectivity and avalanche organization to stored-pattern overlap under explicit no-recall and homeostatic controls.
included	w_811a8cd021958e82	Deep Networks Always Grok and Here is Why	INCLUDE	supported-claims-results	1029	198	0	0	Title: Deep Networks Always Grok and Here is Why. Claim: A phase change in linear-region density precedes the behavioral transition. Supporting result: The internal phase change recurs across practical architectures and delayed-generalization/robustness controls; batch-normalization and initialization/regularization ablations delimit when the paired transition occurs. Claim: Training creates a robust partition with decision-boundary-concentrated linear regions. Supporting result: The learned arrangement differs from the initialized partition, is formally characterized through affine-spline regions, and constitutes the model's input-output map whose migration directly changes robustness and generalization. Claim: Training reorganizes the input-space partition before delayed generalization and robustness. Supporting result: Checkpointed local-complexity trajectories across MLPs, CNNs, ResNets, transformers, and datasets show nonlinear regions migrating from samples toward decision boundaries with the later behavior.
included	w_a6027fec6ac3ab9a	Differential learning kinetics govern the transition from memorization to generalization during in-context learning	INCLUDE	supported-claims-results	722	135	0	0	Title: Differential learning kinetics govern the transition from memorization to generalization during in-context learning. Claim: A sharp diversity threshold switches the active internal solution and behavior. Supporting result: Minimal-model theory predicts the threshold and bimodality; at least twenty and up to roughly 250 seeds per critical setting replicate the rapid switch and distributional controls move it as predicted. Claim: Task diversity controls whether independent memorization or in-context subcircuits dominate. Supporting result: Diversity, context length, initialization, regularization, and data-distribution series connect attention/MLP learning kinetics to the memorization-generalization outcome.
included	w_8af770f5f86d5ac0	Distinct mechanisms underlying in-context learning in transformers	INCLUDE	supported-claims-results	917	160	0	0	Title: Distinct mechanisms underlying in-context learning in transformers. Claim: Sharp phase boundaries separate the learned ICL algorithms. Supporting result: Rapid internal circuit changes coincide with behavioral switches and are reproduced by minimal models, theory, and broad multi-seed sweeps around the boundaries. Claim: Transformers discover multiple formally distinct in-context algorithms. Supporting result: The subcircuits are learned rather than assigned, their forward computations are explicitly characterized, and targeted mechanistic tests link each algorithm to its corresponding generalizing behavior. Claim: Task diversity and training time select qualitatively distinct ICL mechanisms. Supporting result: Controlled diversity and checkpoint series move the model through memorizing and multiple generalizing attention/MLP algorithms, paired with in-context behavior across many initializations.
included	w_848983c423304f71	Emergence and Effectiveness of Task Vectors in In-Context Learning: An Encoder Decoder Perspective	INCLUDE	supported-claims-results	636	124	0	0	Title: Emergence and Effectiveness of Task Vectors in In-Context Learning: An Encoder Decoder Perspective. Claim: Transformers encode latent tasks into distinct representations used by conditional decoders. Supporting result: A compact task vector replaces demonstrations as the task summary; ablation, prompting, and early-layer finetuning alter both task decodability and ICL performance. Claim: Task encoding and conditional decoding emerge together during training. Supporting result: Training checkpoints, OLMo pretraining checkpoints, and five model scales link separable task encodings to ICL performance and algorithm switching.
included	w_a68de8b27948098c	Emergence and Function of Abstract Representations in Self-Supervised Transformers	INCLUDE	supported-claims-results	596	102	0	0	Title: Emergence and Function of Abstract Representations in Self-Supervised Transformers. Claim: Semantic features converge onto low-dimensional manifolds. Supporting result: The learned manifold selectively encodes the dataset hierarchy, and gain-of-function manipulations show that retaining this abstraction changes reconstruction decisions. Claim: Self-supervised transformers form an abstract world model. Supporting result: Masked reconstruction without abstraction labels produces a formally measured compositional manifold; causal gain-of-function tests establish that the model uses it.
included	w_a6ec62ef7863cd72	Emergence of Foveal Image Sampling from Learning to Attend in Visual Scenes	INCLUDE	supported-claims-results	858	192	0	0	Title: Emergence of Foveal Image Sampling from Learning to Attend in Visual Scenes. Claim: A learned 12-by-12 retinal lattice compresses a 100-by-100 visual scene by allocating high resolution only where it is useful. Supporting result: The learnable lattice selects a small differentiable glimpse and reallocates resolution; fixing the lattice worsens error from 5.1% to 11.8% on fixed-size digits and from 24.4% to 31.9% on variable-size digits. Claim: A foveated, eccentricity-dependent sampling geometry emerges from an initially uniform lattice without directly prescribing foveation. Supporting result: The Gaussian-kernel lattice smoothly changes from a uniform grid into a formal eccentricity-dependent geometry; allowing zoom suppresses the geometry, while a fixed-lattice control degrades behavior, tying the learned representation to its function.
included	w_ab07437d78318352	Emergence of functional and structural properties of the head direction system by optimization of recurrent neural networks	INCLUDE	supported-claims-results	787	137	0	0	Title: Emergence of functional and structural properties of the head direction system by optimization of recurrent neural networks. Claim: Unconstrained recurrent training produces Compass and Shifter cell classes with structured connectivity. Supporting result: No ring or shifter organization is wired into the RNN; tuning and connectivity formally characterize the learned circuit, and class-specific connection lesions selectively abolish heading maintenance or clockwise/counterclockwise updating. Claim: Input motion statistics reorganize the learned head-direction circuit. Supporting result: Low, medium, and high angular-velocity training distributions change the Compass/Shifter allocation and tuning while preserving integration behavior across independently trained networks.
included	w_aaa017a83700f80c	Emergence of Invariance and Disentanglement in Deep Representations	INCLUDE	supported-claims-results	633	115	0	0	Title: Emergence of Invariance and Disentanglement in Deep Representations. Claim: A minimal sufficient representation is maximally invariant to nuisances. Supporting result: Information-theoretic results prove selective retention of label information while discarding nuisance information, and CIFAR experiments connect the bound to generalization. Claim: Information regularization predicts a sharp transition near the critical value beta equals one. Supporting result: Random-label controls and multiple CNN architectures reproduce the predicted information/accuracy boundary; real-label curves provide the task-relevance control.
included	w_7209270e01aef2a8	Emergent Capabilities Arise Randomly from Learning Sparse Attention Patterns	INCLUDE	supported-claims-results	687	122	0	0	Title: Emergent Capabilities Arise Randomly from Learning Sparse Attention Patterns. Claim: A sparse-attention organizational transition coincides with abrupt capability acquisition. Supporting result: The rapid transition replicates across scale and seeds; transplanting post-emergence attention into pre-emergence checkpoints recovers behavior while matched synthetic controls delimit alternatives. Claim: Capability onset follows the training- and scale-dependent appearance of sparse attention patterns. Supporting result: Five Pythia scales, training checkpoints, context-sparsity and head-count controls, and ten seeds per setting connect learned sparse attention to task accuracy.
included	w_4ea8cb6a3b5fed46	Emergent Generalization by Representation Learning in Artificial Neural Networks	INCLUDE	supported-claims-results	712	126	0	0	Title: Emergent Generalization by Representation Learning in Artificial Neural Networks. Claim: A learned information bottleneck retains the task structure needed for generalization. Supporting result: The bottleneck representation is lower-dimensional than the input, selectively preserves rotation-relevant information, and its causal-emergence score predicts and mediates robust held-out performance. Claim: Representation learning undergoes a control-dependent emergence trajectory. Supporting result: Training time, bottleneck size, task complexity, and data controls move the hidden representation between memorizing and rotation-structured regimes while changing held-out and out-of-distribution behavior.
included	w_f6a044308e277e6f	Emergent mechanisms for long timescales depend on training curriculum and affect performance in memory tasks	INCLUDE	supported-claims-results	809	161	0	0	Title: Emergent mechanisms for long timescales depend on training curriculum and affect performance in memory tasks. Claim: Multi-task training creates a recurrently mediated long-timescale mechanism. Supporting result: The recurrent mechanism is learned rather than wired, is quantitatively separated from prescribed single-neuron time constants, and targeted neuron ablations plus recurrent-weight/time-constant perturbations establish its functional role in memory. Claim: Curriculum and memory demand select distinct learned long-timescale mechanisms. Supporting result: Increasing memory length and changing the single- versus multi-head curriculum reorganize learned neuronal and recurrent timescales together with accuracy, robustness, and retraining behavior across independent networks and two tasks.
included	w_e219fcd05aa4ac72	Emergent Symbol-like Number Variables in Artificial Neural Networks	INCLUDE	supported-claims-results	724	135	0	0	Title: Emergent Symbol-like Number Variables in Artificial Neural Networks. Claim: Networks learn reusable symbol-like number subspaces without symbolic coordinates being supplied. Supporting result: The subspaces have a formally tested variable geometry across architectures, and distributed-alignment-search interchange interventions establish that the model uses them in sequence computations rather than merely making them probe-decodable. Claim: Symbol-like number variables strengthen across architecture, dimension, and task controls. Supporting result: Training and controlled model/task series show a qualitative move from item-bound codes to reusable number-variable subspaces together with compositional behavior.
included	w_cb00fb1bab7f3b7f	Emergent Symbolic Mechanisms Support Abstract Reasoning in Large Language Models	INCLUDE	supported-claims-results	914	175	0	0	Title: Emergent Symbolic Mechanisms Support Abstract Reasoning in Large Language Models. Claim: Symbol abstraction heads convert tokens to invariant abstract variables. Supporting result: Token instances are reduced to reusable variables; cross-token decoding exceeds 98%, while causal mediation and controlled ablations establish necessity and sufficiency. Claim: The same three-stage architecture appears in three abstract reasoning tasks. Supporting result: The mechanism recurs across randomized-token rule induction, letter-string analogies, and verbal analogies in 13 models from four families, with random/control ablations. Claim: An emergent three-stage symbolic architecture supports abstract reasoning. Supporting result: Unmodified pretrained transformers learn variable-binding, symbolic-induction, and retrieval stages; representation, attention, patching, and ablation analyses jointly validate use.
included	w_63d2efb7962dd788	Evolving reservoir computers reveal bidirectional coupling between predictive power and emergent dynamics	INCLUDE	supported-claims-results	899	168	0	0	Title: Evolving reservoir computers reveal bidirectional coupling between predictive power and emergent dynamics. Claim: A learned macroscopic forecast condenses a 100-neuron microstate while preserving synergistic predictive information. Supporting result: The ridge-trained scalar readout depends on the full reservoir yet contains future information unavailable from individual neurons and is the functional prediction; readout randomization and reciprocal objective optimization link the reduced feature to performance. Claim: Training-set size and optimization objective control the onset of a synergistic predictive macrostate. Supporting result: Data-size and bidirectional objective sweeps move the forecast from non-emergent to positive-synergy organization together with prediction success across six environments and repeated reservoir populations; randomized readouts delimit the effect.
included	w_0daa43451a63b0d5	Excitatory-inhibitory recurrent dynamics produce robust visual grids and stable attractors	INCLUDE	supported-claims-results	848	171	0	0	Title: Excitatory-inhibitory recurrent dynamics produce robust visual grids and stable attractors. Claim: Recurrent activity is constrained to low-dimensional ring and toroidal attractors. Supporting result: High-dimensional recurrent activity contracts onto a two-dimensional ring or three-dimensional torus that retains position; the trained decoder uses it, and loss of the ring under speed or architecture controls coincides with unstable positional output. Claim: Grid-like population codes emerge as continuous attractor manifolds. Supporting result: The grid/ring geometry is not prescribed by the architecture or loss, is characterized by rate maps, grid scores, topology, and fixed points, and is used for position prediction; ten-network and cue, scene, activation, Dale, sparsity, and darkness controls establish robustness and function.
included	w_cddfb17d263e3744	Explaining Grokking and Information Bottleneck through Neural Collapse Emergence	INCLUDE	supported-claims-results	639	107	0	0	Title: Explaining Grokking and Information Bottleneck through Neural Collapse Emergence. Claim: Population within-class variance bounds redundant representation information. Supporting result: Formal bounds show task-irrelevant information contracts while class information remains sufficient; the same quantity bounds generalization error and matches empirical collapse. Claim: Neural collapse progresses on a later timescale than training-set fitting. Supporting result: Theory and multi-dataset, multi-architecture experiments connect within-class contraction over training to delayed generalization and information-bottleneck dynamics.
included	w_45a112f0ccfe5c13	Feature emergence via margin maximization: case studies in algebraic tasks	INCLUDE	supported-claims-results	858	150	0	0	Title: Feature emergence via margin maximization: case studies in algebraic tasks. Claim: Maximum-margin solutions are sparse in Fourier or irreducible-representation space. Supporting result: Theorems restrict each neuron to a single feature family while retaining a complete task solution; experiments converge to the predicted sparse representation. Claim: Networks learn Fourier and irreducible group-representation features. Supporting result: Without feature labels, trained weights move from random mixtures to the formally characterized bases that the proofs show are required for the learned computation. Claim: Representations arise as networks approach maximum margin during training. Supporting result: Training trajectories on modular addition, sparse parity, and group composition converge to the predicted internal features and task solutions.
included	w_87462cebc24e3c1e	From movement to cognitive maps: recurrent neural networks reveal how locomotor development shapes hippocampal spatial coding	INCLUDE	supported-claims-results	969	177	0	0	Title: From movement to cognitive maps: recurrent neural networks reveal how locomotor development shapes hippocampal spatial coding. Claim: Egocentric sensorimotor prediction produces an allocentric spatial representation. Supporting result: The RNN learns formally measured place/head-direction structure and an allocentric manifold without spatial-coordinate supervision; silencing classified spatial cells raises validation loss across 100 repetitions, and held-out decoding, stability, and experimental-recording comparisons support model use. Claim: Developmental movement statistics drive sequential emergence of spatially tuned units. Supporting result: Crawl, walk, run, and adult trajectory regimes cause progressive spatial organization and improved position/head-direction decoding; matched exposure, reversed development, temporal-gap, capacity, input, and training-duration controls plus lesion effects tie the internal progression to prediction behavior.
included	w_27f0a0911b68ee3a	Gradient-based learning drives robust representations in recurrent neural networks by balancing compression and expansion	INCLUDE	supported-claims-results	929	169	0	0	Title: Gradient-based learning drives robust representations in recurrent neural networks by balancing compression and expansion. Claim: Training compresses within-class activity into low-dimensional attractors. Supporting result: The recurrent state selectively collapses within-class variation while preserving class separation used by the trained readout; fixed-point/chaotic-attractor analyses and held-out-cluster tests show preserved or improved task performance, with an explicit setting where compression is not necessary retained as a limitation. Claim: Learning reorganizes recurrent activity through expansion and compression as training samples accumulate. Supporting result: Training-sample trajectories pair changes in effective dimension and attractor organization with classification and held-out-cluster performance across 30 network/input realizations, full/minibatch controls, and additional MNIST experiments.
included	w_35bf58ca4093d76e	Grokking and epoch-wise double descent in quantum neural networks	INCLUDE	supported-claims-results	1098	197	0	0	Title: Grokking and epoch-wise double descent in quantum neural networks. Claim: Generalization uses a sparse phase-aligned harmonic representation in place of the earlier dense solution. Supporting result: The learned output representation retains the task boundary with fewer active Fourier components, while weight-norm control preserves both the sparse state and its generalization benefit. Claim: A rapid internal representation transition accompanies the sudden generalization transition. Supporting result: Fourier sparsification and leave-one-out stability change at the grokking event alongside test error; 128-seed depth and hyperparameter series replicate the paired transition and regularization controls its persistence. Claim: Depth and training time control a dense-to-sparse internal solution change paired with grokking. Supporting result: Depths one through ten and long checkpoint trajectories connect the Fourier reorganization to test-error and stability transitions across 128 independent initializations; regularization and initialization sweeps move or stabilize the regime.
included	w_9db7d6568bb89686	Grokking as a First Order Phase Transition in Two Layer Networks	INCLUDE	supported-claims-results	568	107	0	0	Title: Grokking as a First Order Phase Transition in Two Layer Networks. Claim: Grokking maps to a first-order representation-learning transition. Supporting result: The internal order parameter and performance jump at the same predicted boundary, validated with up to 200 networks and 50 initialization/data seeds. Claim: Sample size, noise, and width control qualitatively different learned features. Supporting result: Analytic order parameters and ensembles of trained networks connect control scaling to internal teacher-feature specialization and generalization.
included	w_8a9381903c1dcd61	Grokking as an entanglement transition in tensor network machine learning	INCLUDE	supported-claims-results	718	140	0	0	Title: Grokking as an entanglement transition in tensor network machine learning. Claim: Eigenvalue evaporation and sharp entropy reduction coincide with grokking. Supporting result: The rapid internal transition recurs across multiple binary classifications and a distinct biological dataset, with initial-volume-law and non-grokking community controls delimiting the behavioral relationship. Claim: Training changes tensor-network representations from volume-law to sub-volume-law organization. Supporting result: Sweep-by-sweep entropy, spectrum, and classification measurements pair the entanglement reorganization with held-out performance across Fashion-MNIST comparisons and independent gene-expression cohorts.
included	w_2b77293cdef4c93f	Grokking as Structural Inference: Transformers Need Bayesian Lottery Tickets	INCLUDE	supported-claims-results	708	137	0	0	Title: Grokking as Structural Inference: Transformers Need Bayesian Lottery Tickets. Claim: The transformer learns a task-graph attention structure used for Bayesian inference. Supporting result: The graph is neither wired into attention nor supplied as a label, is characterized by a formal Bayesian model, and KL-targeted intervention changes the learned inference and generalization trajectory. Claim: Attention reorganizes from memorization to structural inference during training. Supporting result: Checkpoint, task-size, and initialization controls show attention condensing onto the latent task graph before generalization; the derived waiting-time law and norm/KL controls track the paired behavior.
included	w_055282d4fa8fa8da	Grokking Beyond the Euclidean Norm of Model Parameters	INCLUDE	supported-claims-results	720	134	0	0	Title: Grokking Beyond the Euclidean Norm of Model Parameters. Claim: Grokking selects sparse or low-rank functional solutions from overparameterized alternatives. Supporting result: The learned reduced solutions reconstruct the target rules and preserve held-out accuracy, while matched non-Euclidean regularizers control which compact structure and generalization regime develops. Claim: Training time, regularizer, depth, and data control sparse or low-rank solution formation during grokking. Supporting result: Checkpoint and hyperparameter series connect qualitative parameter organization to the delayed transition from memorization to test generalization across modular-arithmetic and matrix-completion settings.
included	w_cbbadc97bc1c553c	Hippocampal representations emerge when training recurrent neural networks on a memory dependent maze navigation task	INCLUDE	supported-claims-results	949	183	0	0	Title: Hippocampal representations emerge when training recurrent neural networks on a memory dependent maze navigation task. Claim: A recurrent network learns an allocentric attractor map and reward-directed trajectory manifold without location or direction labels. Supporting result: The learned state is formally characterized through place fields, attractor geometry, decoding, and forward-sweep trajectories; Q-only and combined-objective controls show that maintaining and reusing the predictive map supports path selection and reward behavior. Claim: Predictive and reward-learning objectives produce distinct hippocampal-like state organizations. Supporting result: Predictive pretraining, combined predictive/Q learning, and Q-only controls reorganize recurrent states from a sensory attractor map into reward-directed sweeps and task-selective activity, with faster successful navigation across ten initial conditions and randomized walls.
included	w_8d71fca6fabfe6c0	How do language models learn facts? Dynamics, curricula and hallucinations	INCLUDE	supported-claims-results	702	126	0	0	Title: How do language models learn facts? Dynamics, curricula and hallucinations. Claim: Training constructs an attention-based factual-recall circuit. Supporting result: The token-routing circuit is learned rather than supplied, is characterized by name-grouping and extraction attention, and checkpoint attention patching removes the learning plateau and changes recall acquisition. Claim: Factual learning passes through three phases while recall circuits form during the plateau. Supporting result: Training checkpoints, population size, data distribution, model size, sequence mixer, and hyperparameter controls link attention-circuit development to later knowledge acquisition across five seeds.
included	w_83ff2605b95d13cd	How Do LLMs Acquire New Knowledge? A Knowledge Circuits Perspective on Continual Pre-Training	INCLUDE	supported-claims-results	824	141	0	0	Title: How Do LLMs Acquire New Knowledge? A Knowledge Circuits Perspective on Continual Pre-Training. Claim: A checkpoint-localized circuit turning point separates formation from optimization behavior. Supporting result: Circuit entropy and structural consistency change regime at architecture-specific checkpoints; post-transition aligned topologies attain substantially higher standalone recall, and four model families plus relation/frequency controls reproduce the paired shift. Claim: Continual-pretraining time and model scale control a formation-to-optimization change in knowledge circuits. Supporting result: Checkpoint trajectories in four model architectures connect circuit entropy, topology, specialized heads, and layerwise information flow to factual-recall performance under relevance and frequency controls.
included	w_988674ea0e8c1cb7	How Does Controllability Emerge In Language Models During Pretraining?	INCLUDE	supported-claims-results	585	100	0	0	Title: How Does Controllability Emerge In Language Models During Pretraining?. Claim: Concept control becomes accessible through low-complexity linear transformations. Supporting result: A reduced linear control representation selectively changes the target concept; intervention and finetuning comparisons tie representation quality to generation behavior. Claim: Linear steerability emerges at distinct stages of pretraining. Supporting result: Checkpoint analyses connect increasing hidden-state separability to the onset of concept steering across model families and concept pairs.
included	w_6d9aedbcf0365751	How Does Unfaithful Reasoning Emerge from Autoregressive Training? A Study of Synthetic Experiments	INCLUDE	supported-claims-results	645	113	0	0	Title: How Does Unfaithful Reasoning Emerge from Autoregressive Training? A Study of Synthetic Experiments. Claim: Reasoning faithfulness changes sharply beyond a critical noise threshold. Supporting result: Multiple noise regimes and seeds pair the behavioral threshold with transient entropy and hidden-state differentiation; complexity and shortcut controls support the proposed mechanism. Claim: Training moves models through faithful, mixed, and skip-step reasoning modes. Supporting result: Noise and checkpoint sweeps link hidden-state uncertainty organization to counterfactual faithfulness behavior in controlled synthetic transformers.
included	w_c0722915b2be1f88	How to Tame Grokking: Representation Geometry as a Control Signal	INCLUDE	supported-claims-results	878	167	0	0	Title: How to Tame Grokking: Representation Geometry as a Control Signal. Claim: Effective dimensionality stays high, then undergoes a sharp collapse. Supporting result: Low-rank spectral regularization directly reduces hidden dimensionality and preserves or accelerates generalization across target-dimension, timing, architecture, and task sweeps. Claim: Unsmoothed trajectories contain abrupt geometric reorganizations. Supporting result: A narrow training interval contains coordinated layerwise transitions followed by accuracy jumps; direct geometry interventions move transition time reproducibly across seeds. Claim: Deep representations reorganize rapidly near the grokking transition. Supporting result: Layerwise checkpoint trajectories connect a qualitative geometry change to generalization across three tasks, MLPs, transformers, and five-to-ten seeds per setting.
included	w_e93a08062ac7d030	How Transformers Learn Causal Structure with Gradient Descent	INCLUDE	supported-claims-results	715	141	0	0	Title: How Transformers Learn Causal Structure with Gradient Descent. Claim: The transformer learns the latent causal graph as an attention computation. Supporting result: The graph is hidden from the model, the learned attention matrix is formally proved to converge to its adjacency through mutual-information gradients, and the forward-pass construction uses it for in-context transition estimation and OOD prediction. Claim: Gradient descent progressively aligns first-layer attention with a latent causal graph. Supporting result: Training dynamics, sequence-length, graph, and prior controls connect adjacency recovery to in-context prediction; end-to-end theory establishes the optimization-to-behavior link.
included	w_3addefc2ae588ee1	How Transformers Learn to Plan via Multi-Token Prediction	INCLUDE	supported-claims-results	771	135	0	0	Title: How Transformers Learn to Plan via Multi-Token Prediction. Claim: Multi-token training learns a reverse-reasoning predecessor representation that is used for planning. Supporting result: The circuit is not supplied in the graph task, is formally derived from the gradient dynamics, and its learned attention computation retrieves predecessor relations that produce the planned path; next-token and objective controls do not form the same solution. Claim: Training objective and capacity determine whether a transformer develops a planning circuit. Supporting result: Multi-token versus next-token training, checkpoint, capacity, and data controls connect the formation of predecessor/content attention structure to successful reverse planning across repeated runs.
included	w_6fc4c4ab9c9916f7	Hysteresis, neural avalanches, and critical behavior near a first-order transition of a spiking neural network	INCLUDE	supported-claims-results	872	183	0	0	Title: Hysteresis, neural avalanches, and critical behavior near a first-order transition of a spiking neural network. Claim: Crossing the pseudo-spinodal produces an abrupt first-order transition into collective pattern replay. Supporting result: The identified drive control produces a discontinuous firing-rate and spatiotemporal-order transition; reverse sweeps, multiple noise levels, three system sizes, finite-size avalanche collapse, and predicted exponent relations replicate the internal/behavioral boundary. Claim: External drive, noise, and size control a disordered-to-pattern-replay organization. Supporting result: Drive ramps, noise sweeps, and finite-size series connect the learned network's low-rate state, metastable alternation, and collective attractor replay to stored-pattern behavior, with hysteresis and avalanche controls delimiting the regimes.
included	w_86f10686a7226020	ILDR: Geometric Early Detection of Grokking	INCLUDE	supported-claims-results	550	120	0	0	Title: ILDR: Geometric Early Detection of Grokking. Claim: Post-grokking representational variance drops by 1,696 times. Supporting result: A fixed held-out threshold detects a sharp inter/intra-class geometry transition; eight-seed replication and bidirectional interventions link it to behavior. Claim: Held-out representation geometry reorganizes before grokking. Supporting result: Checkpointed ILDR trajectories lead generalization on modular arithmetic and permutation composition across eight seeds, and optimizer interventions move the onset.
included	w_c053dda032e0c8cc	Is Random Attention Sufficient for Sequence Modeling? Disentangling Trainable Components in the Transformer	INCLUDE	supported-claims-results	923	163	0	0	Title: Is Random Attention Sufficient for Sequence Modeling? Disentangling Trainable Components in the Transformer. Claim: Frozen-query/key transformers still learn input-dependent induction structure through their trainable representations. Supporting result: The induction pattern is absent from the random frozen attention weights, is formally expressible by the learned residual/MLP computation, and appears only in architectures that solve retrieval and language modeling; input-independent MixiT supplies the negative functional control. Claim: Depth controls representation collapse and the loss of sequence-modeling performance under random attention. Supporting result: Depth, width, head-count, and component-freezing series connect covariance collapse in random transformers to degraded tasks, while the signal-preserving MixiT control prevents collapse and separates memorization from input-dependent reasoning.
included	w_01e15d37549ba1fc	Latent Algorithmic Structure Precedes Grokking: A Mechanistic Study of ReLU MLPs on Modular Arithmetic	INCLUDE	supported-claims-results	614	129	0	0	Title: Latent Algorithmic Structure Precedes Grokking: A Mechanistic Study of ReLU MLPs on Modular Arithmetic. Claim: ReLU MLPs learn near-binary square-wave and phase-sum structure. Supporting result: A formally extracted idealized model built from the learned frequencies and phases reaches 95.5% even when its source model does not grok, establishing functional use. Claim: The encoded algorithm sharpens over training before behavioral grokking. Supporting result: Checkpointed square-wave binarization and phase alignment precede and predict the later generalization transition, including noisy-data controls.
included	w_1414f43f732405e6	Learning through atypical phase transitions in overparameterized neural networks	INCLUDE	supported-claims-results	903	173	0	0	Title: Learning through atypical phase transitions in overparameterized neural networks. Claim: A discontinuous local-entropy transition marks the appearance of accessible wide minima after interpolation. Supporting result: A formal order parameter identifies the distinct transition and predicts the algorithmic fitting boundary; independent samples, repeat runs, SGD/ADAM/message-passing controls, MNIST and CIFAR experiments pair the landscape transition with learning and generalization behavior. Claim: Overparameterization changes the solution landscape from inaccessible sharp minima to atypical wide regions used by efficient learners. Supporting result: Analytic parameter-to-sample sweeps and numerical binary, committee, multilayer, and convolutional models connect wide-minimum formation to trainability and improving generalization across algorithms, initializations, samples, and datasets.
included	w_9f65ba32c1a08d74	Low-Dimensional and Transversely Curved Optimization Dynamics in Grokking	INCLUDE	supported-claims-results	719	133	0	0	Title: Low-Dimensional and Transversely Curved Optimization Dynamics in Grokking. Claim: A sharp transverse-curvature transition precedes the behavioral transition. Supporting result: The internal spectral and commutator transition is localized across 108 learning-rate runs and replicated tasks/seeds; random-subspace and dose-response projection interventions link it directly to grokking. Claim: Grokking follows a low-dimensional execution path whose transverse geometry changes during training. Supporting result: Training checkpoints and learning-rate/weight-decay controls connect a stable low-dimensional path and growing transverse curvature to delayed generalization across four operations and multiple seeds.
included	w_5cfae990f2e4ea0e	Multiple-Timescale Neural Networks: Generation of History-Dependent Sequences and Inference Through Autonomous Bifurcations	INCLUDE	supported-claims-results	947	181	0	0	Title: Multiple-Timescale Neural Networks: Generation of History-Dependent Sequences and Inference Through Autonomous Bifurcations. Claim: Local learning shapes slow-fast feedback into history-dependent sequential attractor dynamics. Supporting result: Although the two-timescale architecture is prescribed, the recurrent relationship is learned rather than embedded; fixed-point and basin analyses characterize its autonomous bifurcations, and noise/perturbation tests plus a novel-sequence concatenation control across independent realizations show functional recall and inference. Claim: The relation between slow-neural and synaptic-learning timescales controls the learned recall regime. Supporting result: A timescale-ratio sweep over fifty network realizations links a shared performance optimum to three distinct learned fixed-point organizations: sequential coexistence, skipped targets, or domination by the most recently learned target.
included	w_c31a237682405c3b	Noise-Driven Escape from Metastable Phases explains Grokking in Deep Neural Networks	INCLUDE	supported-claims-results	562	121	0	0	Title: Noise-Driven Escape from Metastable Phases explains Grokking in Deep Neural Networks. Claim: First-order L2 transitions create metastable feature states. Supporting result: Analytic barriers, deliberate trapping, 50-seed experiments, and an Arrhenius fit (R²=0.991) link abrupt rank escape to the behavioral transition. Claim: SGD noise drives escape between learned-feature ranks over training. Supporting result: Learning rate, batch size, regularization, and time jointly control internal rank and test error; escape times span two orders of magnitude.
included	w_0308d55890a5b9c6	On the Emergence of Induction Heads for In-Context Learning	INCLUDE	supported-claims-results	599	110	0	0	Title: On the Emergence of Induction Heads for In-Context Learning. Claim: Low loss coincides with an induction-head phase transition. Supporting result: The internal parameters and ICL behavior transition together; restricting training to the three-dimensional mechanism leaves emergence unaffected, and asymptotic theory predicts its threshold. Claim: Induction-head emergence time scales quadratically with context length. Supporting result: Training trajectories and theory track the ordered emergence of three internal parameters and the accompanying ICL loss transition across context lengths.
included	w_25ba5099b834e43a	On the Mechanism and Dynamics of Modular Addition: Fourier Features, Lottery Ticket, and Grokking	INCLUDE	supported-claims-results	905	158	0	0	Title: On the Mechanism and Dynamics of Modular Addition: Fourier Features, Lottery Ticket, and Grokking. Claim: Weight decay refines the network into a sparse Fourier representation. Supporting result: Single-frequency neurons and diversified phase-symmetric features cancel noise; activation and diversification ablations preserve or destroy perfect modular-addition accuracy as predicted. Claim: Randomly initialized neurons learn single-frequency Fourier features. Supporting result: The learned phase/frequency basis is derived formally from gradient dynamics and shown experimentally to implement the majority-vote modular-addition algorithm. Claim: Training passes through memorization, feature learning, and cleanup phases. Supporting result: Checkpointed Fourier coefficients, phase alignment, norms, and accuracy jointly trace the internal algorithm from random initialization to generalization.
included	w_6ffbda57ab6a27ae	Optimal reinforcement learning near the edge of a synchronization transition	INCLUDE	supported-claims-results	850	165	0	0	Title: Optimal reinforcement learning near the edge of a synchronization transition. Claim: The learned spiking network crosses a sharp synchronization boundary where task performance is optimized. Supporting result: The delay-controlled internal transition shifts with size and is independently confirmed by subcritical, scale-free, and supercritical avalanche distributions; twenty-realization ensembles, untrained controls, four task complexities, and multiple sizes pair the boundary with behavior. Claim: Axonal delay and network size control synchronization organization and reinforcement-learning performance. Supporting result: Delay, size, task-complexity, connectivity, plasticity, and STDP-parameter series connect the synchronized-to-asynchronous organization to stimulus-response accuracy across ensembles of twenty network realizations.
included	w_dff3d1da5e63f8e0	Phase Transitions in Attention: A Bayesian Theory of Copy Head Emergence	INCLUDE	supported-claims-results	571	109	0	0	Title: Phase Transitions in Attention: A Bayesian Theory of Copy Head Emergence. Claim: Softmax attention exhibits a first-order phase transition. Supporting result: A low-dimensional order parameter crosses an analytic data threshold; Bayesian sampling, Adam training, and linear-attention controls reproduce the internal and behavioral regimes. Claim: The copy subcircuit changes qualitatively with training-data scale. Supporting result: Closed-form posterior predictions and Adam-trained networks connect data amount to structured attention and copy-task performance.
included	w_e290bc51cfc6cc89	Phase transitions reveal hierarchical structure in deep neural networks	INCLUDE	supported-claims-results	592	108	0	0	Title: Phase transitions reveal hierarchical structure in deep neural networks. Claim: Each transition is governed by a critical saddle point. Supporting result: Analytic Hessian conditions and repeated Pathfinder trajectories locate discontinuous basin changes, per-digit behavior changes, and mode-connectivity controls at the same boundaries. Claim: Regularization traces models through distinct hierarchical accuracy basins. Supporting result: Varying L2 strength reorganizes the loss-landscape Hessian and the digit classes encoded by trained models, with corresponding accuracy changes.
included	w_b19041cd869bacfa	Post-Grokking Collapse at the Representation-Readout Interface in Muon-Trained Transformers	INCLUDE	supported-claims-results	635	126	0	0	Title: Post-Grokking Collapse at the Representation-Readout Interface in Muon-Trained Transformers. Claim: The isolated task-aligned Fourier family remains sufficient during masking failure. Supporting result: Fourier filtering retains perfect accuracy in the reduced family at 43 checkpoints; removing the adversarial remainder or rescaling the family restores up to 99.9%. Claim: Representation-readout dynamics cause post-grokking failure over training. Supporting result: Checkpoint and bit-identical freeze experiments across configurations and five seeds causally connect optimizer-driven interface motion to lost generalization.
included	w_85b812c5c78e647c	Predicting the Emergence of Induction Heads in Language Model Pretraining	INCLUDE	supported-claims-results	565	104	0	0	Title: Predicting the Emergence of Induction Heads in Language Model Pretraining. Claim: Induction-head metrics and associative recall change abruptly together. Supporting result: Controlled repetition-frequency and reliability sweeps produce a stable formation boundary across natural and synthetic environments, with matched behavioral transition. Claim: Batch size and context size predict when induction heads form. Supporting result: Natural, semi-natural, and synthetic sweeps link data exposure and internal head formation to associative-recall/ICL behavior.
included	w_d27b97e00fa37f8b	Prediction horizon shapes representations in predictive learning	INCLUDE	supported-claims-results	1046	196	0	0	Title: Prediction horizon shapes representations in predictive learning. Claim: Long-horizon prediction learns a low-dimensional state representation that preserves predictive structure. Supporting result: Participation ratio, effective-rank, rank-truncation, and held-out-pair tests show selective concentration into state/action directions sufficient for prediction and associated with better OOD accuracy. Claim: Predictive learning spontaneously recovers the environment's latent manifold. Supporting result: One-hot observations remove prior neighborhood geometry and no manifold regularizer is used; formal OLS/implicit-bias analysis, nonlinear controls, rank truncation, and held-out behavior connect the learned geometry to prediction. Claim: Prediction horizon and depth control recovery of latent task geometry. Supporting result: Horizon, environment size, depth, architecture, and dataset series reorganize hidden states from unstructured solutions to latent manifolds while improving compositional and out-of-distribution prediction.
included	w_0c85822618800428	Predictive learning as a network mechanism for extracting low-dimensional latent space representations	INCLUDE	supported-claims-results	927	161	0	0	Title: Predictive learning as a network mechanism for extracting low-dimensional latent space representations. Claim: Predictive learning extracts a low-dimensional manifold from high-dimensional observations. Supporting result: The representation selectively retains latent position/action variables while discarding sensor color; prediction and 12 non-predictive/noise controls establish functional value. Claim: The learned representation inherits the latent environment's group geometry. Supporting result: Without latent-coordinate supervision, recurrent dynamics form a formally characterized group representation used to transform actions into future predictions. Claim: Latent-space signal transfers into leading representation modes during learning. Supporting result: Training trajectories link predictive error to a qualitative manifold reorganization in progressively harder tasks, including 50-network comparisons.
included	w_cf357442f5aa7893	Predictive pursuit emerges in high-dimensional recurrent neural networks	INCLUDE	supported-claims-results	761	138	0	0	Title: Predictive pursuit emerges in high-dimensional recurrent neural networks. Claim: Pursuit training produces egocentric target coordinates despite receiving no egocentric target input. Supporting result: The learned coordinate-like tuning is formally quantified, distinguishes current from prospective states, and target-unit versus random-unit ablations selectively impair pursuit, establishing use by the recurrent controller. Claim: Reservoir rank controls the appearance of allocentric prospective pursuit representations. Supporting result: Rank sweeps from ten to one thousand connect high-dimensional recurrent organization to predictive target trajectories and pursuit performance across thirty networks, with objective, readout, and unit controls.
included	w_e1dd76d318faa330	Predictive sequence learning in the hippocampal formation	INCLUDE	supported-claims-results	1327	233	0	0	Title: Predictive sequence learning in the hippocampal formation. Claim: Temporal prediction compresses redundant sensory inputs into localized sequential representations. Supporting result: Across ten localization networks, predictive hidden states carry more position information than high-dimensional inputs and current-loss controls; for MNIST sequences they retain class/sequence structure while generating the next images and completing withheld suffixes, which non-predictive controls do not. Claim: Sequence training produces a sparse Toeplitz recurrent organization with line-attractor dynamics. Supporting result: Without a prescribed recurrent connectivity pattern, training yields a formally characterized near-Toeplitz/Mexican-hat organization; the recurrent state itself generates ordered replay from noise and completes partial sequences, linking the learned manifold to model behavior. Claim: Error-coded CA1 responses appear rapidly while the CA3 internal representation develops over repeated experience. Supporting result: Training exposure after an environment switch moves the model from immediate CA1 prediction-error coding to a learned CA3 sequence representation; the resulting recurrent organization generates replay and pattern completion, with familiar/noisy-environment and non-predictive controls.
included	w_f3172e652cebe4b6	Progress Measures for Grokking via Mechanistic Interpretability	INCLUDE	supported-claims-results	1657	308	0	0	Title: Progress Measures for Grokking via Mechanistic Interpretability. Claim: The generalizing computation compresses modular addition into a small set of Fourier directions and a sparse circuit. Supporting result: Five key frequencies explain 95% of logit variance; ten sine/cosine directions support low loss; ablating a key frequency destroys performance while ablating the other roughly 95% of frequencies does not and can improve loss. Claim: Grokking is a transition between memorizing and generalizing organizational regimes linked to a rapid behavioral change. Supporting result: At a distinct training interval, test loss drops while Fourier-component sparsity rises sharply during cleanup; the corresponding trajectories are reproduced for four additional random seeds and checked under architecture, modulus, and regularization variations. Claim: The transformer learns a Fourier/trigonometric coordinate system for modular addition that was not prescribed by the architecture. Supporting result: Weights and activations implement addition as rotations in learned frequency coordinates; the structure is mathematically reconstructed and causally tested by Fourier-space ablations, and generalizing runs learn variants of the same algorithm. Claim: Training progression produces a qualitative reorganization from memorization to a sparse Fourier circuit and then cleanup, enabling generalization. Supporting result: Training epoch is logged against restricted/excluded loss, Fourier sparsity, and behavior; the circuit-formation and cleanup phases reorganize the learned computation and precede or accompany test generalization across five seeds.
included	w_248da8719a3b92f1	Quantum-data-driven dynamical transition in quantum learning	INCLUDE	supported-claims-results	740	143	0	0	Title: Quantum-data-driven dynamical transition in quantum learning. Claim: Crossing a target-state boundary produces a dynamical bifurcation in the learned QNTK. Supporting result: Fixed-point stability and topological charge identify the internal transition and predict the convergence-class change; perturbation analyses, numerical tests, and twelve device rounds reproduce the paired kernel/error dynamics. Claim: Quantum target constraints control a qualitative change in learned kernel and error dynamics. Supporting result: Target-value, data-count, and depth conditions separate fixed-point classes of the learned QNTK and pair them with exponential or polynomial training convergence in theory, simulation, and quantum-device runs.
included	w_34505df745b929e9	Random noise promotes slow heterogeneous synaptic dynamics important for robust working memory computation	INCLUDE	supported-claims-results	1026	204	0	0	Title: Random noise promotes slow heterogeneous synaptic dynamics important for robust working memory computation. Claim: Noise training creates a cell-type-specific slow inhibitory eigenmode organization used to maintain stimulus information. Supporting result: Although per-unit time constants are learnable parameters, preferential inhibitory specialization is not imposed. Spectral stability, stimulus-selective activity, fixed-excitatory-time-constant, and task controls connect the learned dominant modes to persistent working-memory behavior. Claim: Training-noise level controls a qualitative specialization of inhibitory dynamics tied to working-memory robustness. Supporting result: Six noise-channel levels across fifty random initializations shift learned inhibitory decay constants and dominant eigenmodes toward slower near-boundary dynamics while changing training success, long-delay accuracy, and perturbation resilience; no-noise, fixed-parameter, cell-ratio, and non-memory-task controls delimit the effect.
included	w_71088ab66e735f6d	Recurrent Neural Networks Learn to Store and Generate Sequences using Non-Linear Representations	INCLUDE	supported-claims-results	762	136	0	0	Title: Recurrent Neural Networks Learn to Store and Generate Sequences using Non-Linear Representations. Claim: Narrow recurrent networks learn an onion-like scaled-token coordinate system for sequence memory. Supporting result: The nonlinear code is not prescribed, is mathematically characterized across token positions, and interventions that preserve its structure recover about ninety percent of autoregressive decoding while destructive controls impair behavior. Claim: Network width changes the sequence representation from nonlinear onion storage to a linear code. Supporting result: Widths from 48 to 1024 and training trajectories connect the internal-code switch to sequence reconstruction, with five-run replications and representation interventions.
included	w_67833e8bc8bb92f5	Redundant representations help generalization in wide neural networks * , †	INCLUDE	supported-claims-results	1328	251	0	0	Title: Redundant representations help generalization in wide neural networks * , †. Claim: A small random chunk of the learned final representation faithfully preserves the task information in the full layer. Supporting result: Without retraining, sufficiently large neuron subsets retain near-zero training error and the full network's test scaling, linearly reconstruct nearly all full-layer variance, and leave only weakly correlated residuals, directly demonstrating a smaller functional representation. Claim: Representation redundancy appears only beyond a critical interpolation-linked width. Supporting result: The internal redundancy onset is paired with the zero-training-error boundary and a change to inverse-square-root generalization scaling; repeated random chunks, multiple architectures and datasets, plus regularization and training-duration controls reproduce and move the boundary. Claim: Increasing width beyond interpolation reorganizes the final representation into redundant task-feature copies. Supporting result: Width series across fully connected, DenseNet, Wide-ResNet, and ResNet models link the onset and increasing number of redundant chunks to zero training error and continued test-error improvement; architecture, early-stopping, and weight-decay controls remove the organization as predicted.
included	w_de78b34865a33cc1	Sequential predictive learning is a unifying theory for hippocampal representation and replay	INCLUDE	supported-claims-results	876	163	0	0	Title: Sequential predictive learning is a unifying theory for hippocampal representation and replay. Claim: Sequential prediction learns a continuous attractor reflecting environmental geometry. Supporting result: From spatially ambiguous egocentric images and without assigned place coordinates, the recurrent system learns a formally measured attractive manifold that generates coherent sensory-associated replay, recent-location recall, and head-direction-guided novel trajectories. Claim: At least two predicted timesteps are required for an attractive cognitive map and replay. Supporting result: Prediction-horizon sweeps from zero to six steps pair the onset of a continuous attractor with coherent, plausible offline trajectories; nine-seed, hyperparameter, action-code, architecture, geometry, ambiguity, and continuous-environment controls reproduce the transition.
included	w_38e23f5995c71d9b	Spatial reasoning via recurrent neural dynamics in mouse retrosplenial cortex	INCLUDE	supported-claims-results	1381	241	0	0	Title: Spatial reasoning via recurrent neural dynamics in mouse retrosplenial cortex. Claim: A roughly three-dimensional recurrent manifold retains the variables needed for spatial hypothesis updating. Supporting result: Correlation dimension, stable pairwise dynamics, and a 128-unit versus random-network control establish a compact state; the manifold retains landmark, displacement, and hypothesis information, performs near-Bayesian localization, and attracts large perturbations back to functional trajectories. Claim: The recurrent network learns multimodal hypothesis states and a displacement-to-location coordinate transformation. Supporting result: Landmark identities and hypothesis coordinates are not provided. Correlation dimension and attractor trajectories formally characterize the learned states, and controls that reveal landmark identity remove the bimodal code while the original dynamics maintain, update, and use it for choices. Claim: Navigation learning produces a low-dimensional recurrent hypothesis organization paired with successful reasoning. Supporting result: Low-performing training sessions and matched random-recurrent controls lack the acquired organization, while trained networks and learned animals develop hypothesis states that predict correct choices; architectures, environments, initializations, and animals replicate the relationship.
included	w_b1a722c7add3a18c	Specialization of softmax attention heads: insights from the high-dimensional single-location model	INCLUDE	supported-claims-results	751	136	0	0	Title: Specialization of softmax attention heads: insights from the high-dimensional single-location model. Claim: Heads specialize rapidly when optimization escapes a symmetric saddle. Supporting result: The internal order parameters and prediction loss change together at saddle escape, with one hundred independent runs, high-dimensional theory, finite-model simulations, and an image-data control replicating the transition. Claim: Training time reorganizes attention heads from a shared average into sequentially specialized predictors. Supporting result: Gradient-flow theory and training trajectories connect head order parameters to loss reduction; dimensional, signal, initialization, and MNIST controls reproduce the specialization sequence.
included	w_a124ea491b1e38a3	Spectral Entropy Collapse as a Phase Transition in Delayed Generalisation: An Interventional and Predictive Framework for Grokkin	INCLUDE	supported-claims-results	655	119	0	0	Title: Spectral Entropy Collapse as a Phase Transition in Delayed Generalisation: An Interventional and Predictive Framework for Grokkin. Claim: Representations concentrate into task-structured directions. Supporting result: Entropy reduction retains Fourier task structure; norm-matched representation mixing delays both the reduction and grokking, while MLP controls delimit sufficiency. Claim: Spectral entropy collapse precedes delayed generalisation during training. Supporting result: Across training checkpoints, tasks, architectures, and seeds, task-aligned spectral concentration develops before accuracy; mixing interventions shift both timings.
included	w_8c5442dfb760aae0	Spectral phase transitions and trainability in neural network learning dynamics	INCLUDE	supported-claims-results	591	113	0	0	Title: Spectral phase transitions and trainability in neural network learning dynamics. Claim: A dynamical BBP transition occurs at a critical time and step size. Supporting result: The exact teacher-student boundary predicts eigenvalue detachment and performance regimes; nonlinear, multilayer, and stochastic simulations serve as independent controls. Claim: An isolated signal eigenvalue emerges from the random bulk during training. Supporting result: Time, step size, variance, and sample-load sweeps connect spectral signal alignment to trainability in analytic and nonlinear networks.
included	w_4ec0813caf380920	Structure-Specific Representational Priors Causally Control the Grokking Delay	INCLUDE	supported-claims-results	651	119	0	0	Title: Structure-Specific Representational Priors Causally Control the Grokking Delay. Claim: Generalization requires concentration into the task's periodic feature family. Supporting result: Top-frequency concentration and held-out class clustering are selectively retained in successful runs; structurally matched interventions and norm controls establish functional relevance. Claim: The delay is the time required to form task-structured representations. Supporting result: Representation probes evolve through training and predict generalization in all 95 runs; true, sibling, shuffled, and exact norm-replay interventions alter the trajectories.
included	w_5c54f66764cf4f97	Temporal hierarchy in spiking neural networks	INCLUDE	supported-claims-results	731	134	0	0	Title: Temporal hierarchy in spiking neural networks. Claim: Homogeneously initialized spiking networks spontaneously form a layerwise temporal hierarchy. Supporting result: Individual time constants are learned without a prescribed hierarchy, are formally summarized by layer and depth, and imposed, reversed, frozen, and shuffled controls show that the resulting organization supports multiscale temporal computation. Claim: Task hierarchy and network depth control a layerwise hierarchy of learned neuronal time constants. Supporting result: Temporal-amplitude, depth, imposed/reversed-hierarchy, and task controls connect the learned time-constant allocation to temporal XOR and speech-event performance across repeated trials.
included	w_f05eeedb3d84fbb7	The Geometry of Multi-Task Grokking: Transverse Instability, Superposition, and Weight Decay Phase Structure	INCLUDE	supported-claims-results	693	129	0	0	Title: The Geometry of Multi-Task Grokking: Transverse Instability, Superposition, and Weight Decay Phase Structure. Claim: A transverse-instability transition separates the memorizing and generalizing regimes. Supporting result: The rapid internal transition is replicated across modular operations and seeds; deleting orthogonal gradient components prevents the matched generalization transition while norm-matched controls do not. Claim: Weight decay controls qualitative internal regimes in multi-task grokking. Supporting result: Checkpointed attention spectra and trajectory geometry vary across weight-decay, task, and seed controls in step with the memorization/generalization regimes.
included	w_e0964d9cc077c1f7	The Kinetics of Training: A Driven-Nucleation Rate Law for Emergence, Plasticity Loss, and Circuit Control in Language Models	INCLUDE	supported-claims-results	650	129	0	0	Title: The Kinetics of Training: A Driven-Nucleation Rate Law for Emergence, Plasticity Loss, and Circuit Control in Language Models. Claim: A capability ignites when a no-partial-credit circuit alignment barrier is crossed. Supporting result: Preregistered predictions, held-out models, 32 ablation cells, scheduled ignition, and query-key reinitialization establish an abrupt circuit/capability boundary. Claim: Capability arrival depends on missing circuit parts across training and scale. Supporting result: Pythia checkpoints across seven capabilities and three scales connect circuit-part alignment, precursor strength, and behavioral ignition.
included	w_4ae2e575bb61224a	The mechanistic basis of data dependence and abrupt learning in an in-context classification task	INCLUDE	supported-claims-results	591	111	0	0	Title: The mechanistic basis of data dependence and abrupt learning in an in-context classification task. Claim: ICL is driven by the abrupt emergence of an induction head. Supporting result: Six-seed curves show reproducible circuit and accuracy jumps; parameter ablations and a predictive phenomenological model rule out alternative operation sequences. Claim: An induction head forms during training and drives ICL. Supporting result: Checkpoint progress measures in the full and minimal networks track circuit construction and behavior across six seeds and controlled data distributions.
included	w_97808c92883566a2	Thinking Sparks!: Emergent Attention Heads in Reasoning Models During Post Training	INCLUDE	supported-claims-results	637	116	0	0	Title: Thinking Sparks!: Emergent Attention Heads in Reasoning Models During Post Training. Claim: Post-training creates functionally specialized attention-head circuits for reasoning. Supporting result: The head roles are learned rather than assigned, are characterized by task-specific activation and information flow, and causal head ablation/scaling changes benchmark reasoning behavior. Claim: Specialized reasoning heads appear and are pruned across post-training stages. Supporting result: Post-training checkpoints, reward regimes, and model-family controls connect head recruitment and survival to reasoning accuracy and reward.
included	w_5fc248e95ef96553	Towards Empirical Interpretation of Internal Circuits and Properties in Grokked Transformers on Modular Polynomials	INCLUDE	supported-claims-results	614	114	0	0	Title: Towards Empirical Interpretation of Internal Circuits and Properties in Grokked Transformers on Modular Polynomials. Claim: Grokked embeddings use sparse, operation-specific Fourier components. Supporting result: Restricted/ablated Fourier losses and pre-grokked transfer tests show when the reduced significant-frequency representation preserves or disrupts task performance. Claim: Fourier progress measures decrease with test-accuracy improvement. Supporting result: Three-seed training trajectories across arithmetic and polynomial tasks link internal Fourier reorganization to grokking and co-grokking.
included	w_29ea95f17f21c7ac	Transformers for dynamical systems learn transfer operators in-context	INCLUDE	supported-claims-results	741	138	0	0	Title: Transformers for dynamical systems learn transfer operators in-context. Claim: The same learned dynamical-system mechanism transfers zero-shot between distinct systems. Supporting result: Models trained on one system are evaluated on qualitatively different systems across hundreds of train/test pairs; delay-embedding, Markov, and parroting controls plus operator analyses document reuse of the same mechanism. Claim: A transformer learns delay-coordinate state reconstruction and a transfer-operator computation. Supporting result: Neither latent state coordinates nor the operator are supplied; the learned attention computation is formally matched to delay embedding and transfer operators and predicts future dynamics in context.
included	w_7478c4587d99ea18	Unveiling Transformers with LEGO: a synthetic reasoning task	INCLUDE	supported-claims-results	1155	209	0	0	Title: Unveiling Transformers with LEGO: a synthetic reasoning task. Claim: An attention mechanism learned during unrelated language pretraining is reused for the LEGO reasoning family. Supporting result: The same association pattern is documented before and after transfer from natural-language pretraining, randomized-token and shortcut-resistant task variants rule out lexical memorization, and three-run BERT/ALBERT tests replicate longer-chain generalization. Claim: Transformers learn an identical-token association structure used to propagate equality constraints. Supporting result: The attention pattern is learned rather than supplied, is explicitly characterized at head and layer level, and architectural imitation plus removal/replacement controls establish its functional role in multi-step reasoning. Claim: Pretraining, depth, and sequence length control the formation and routing of reasoning-relevant attention structure. Supporting result: Random initialization, pretrained BERT/ALBERT, depth, and data controls connect association/manipulation heads and information-flow order to length-generalization behavior across independent runs.
included	w_f5f5600670f31041	Weight Decay Regimes in Grokking Transformers: Cheap Online Diagnostics	INCLUDE	supported-claims-results	704	130	0	0	Title: Weight Decay Regimes in Grokking Transformers: Cheap Online Diagnostics. Claim: A localized weight-decay threshold separates internal and behavioral phases. Supporting result: Bootstrap and jackknife threshold estimates use hundreds of runs; multi-task and cross-architecture replications plus paired head reinitialization and norm-clipping controls isolate attention-pattern structure at the transition. Claim: Weight decay controls memorization, developmental, and collapse regimes in attention organization. Supporting result: Dense weight-decay, model-scale, task, architecture, and long-horizon series pair attention coordination/differentiation with the corresponding generalization regimes.
included	w_7afa59979906b85f	What Needs to Go Right for an Induction Head? A Mechanistic Study of In-Context Learning Circuits and Their Formation	INCLUDE	supported-claims-results	1259	240	0	0	Title: What Needs to Go Right for an Induction Head? A Mechanistic Study of In-Context Learning Circuits and Their Formation. Claim: Interacting induction subcircuits cause a sharp training transition from chance-level behavior to near-perfect in-context generalization. Supporting result: Loss and accuracy change sharply at the same training interval that induction strength rises. Clamping the match/copy components throughout training sharpens, advances, or removes the phase profile, causally showing how three smoothly learned subcircuits generate the discontinuity. Data controls shift the transition and the main mechanism replicates over five model initializations. Claim: Training progression and controlled increases in task complexity reorganize the induction circuit and shift when in-context learning forms. Supporting result: Sequences seen is an explicit training control variable: a loss plateau gives way to near-perfect test accuracy while induction heads form. Increasing class count or label count delays distinct subcircuits and the full transition, and training-time clamping isolates the mechanisms producing those shifts. Central subcircuit results hold across five initialization seeds and scaling trends reproduce across most seeds.
included	w_33b529766cc60dd2	What One Cannot, Two Can: Two-Layer Transformers Provably Represent Induction Heads on Any-Order Markov Chains	INCLUDE	supported-claims-results	880	175	0	0	Title: What One Cannot, Two Can: Two-Layer Transformers Provably Represent Induction Heads on Any-Order Markov Chains. Claim: A two-layer, one-head-per-layer transformer compactly represents any conditional k-gram through a dyadic context code and matching operation. Supporting result: The constructive proof encodes the length-k context in the first layer and matches it in the second with one head per layer and compact parameter/precision bounds, avoiding the exponential-width one-layer alternative. Claim: Increasing depth from one to two layers creates a qualitatively new internal organization that efficiently implements higher-order induction. Supporting result: Depth is the explicit variable: one layer requires exponential width, while two single-head layers implement distinct context-encoding and context-matching stages and recover the conditional k-gram behavior.
included	w_5362be8fefcfa6c2	When and Where: A Model Hippocampal Network Unifies Formation of Time Cells and Place Cells	INCLUDE	supported-claims-results	1034	199	0	0	Title: When and Where: A Model Hippocampal Network Unifies Formation of Time Cells and Place Cells. Claim: Masked reconstruction learns distinct place-cell-like and time-cell-like recurrent representations. Supporting result: Uniformly initialized recurrence develops formally measured spatial or sequential temporal codes without those hidden coordinates being assigned; the recurrent state predicts fully masked intervals, and recurrent-matrix replacement plus input/output randomization isolates the learned recurrent regime as the source of sequential coding while reconstruction readout establishes functional use. Claim: Changing the balance and availability of spatial and temporal inputs reorganizes the hidden representation. Supporting result: Event-duration, spatial-mask, and fixed-dimension channel-ratio series move the same predictive autoencoder between place-like, mixed, and time-like population regimes while it reconstructs withheld sensory trajectories; pure spatial and temporal tasks serve as endpoint controls.
included	w_b1b2841abfaf8ef2	Which Attention Heads Matter for In-Context Learning?	INCLUDE	supported-claims-results	886	181	0	0	Title: Which Attention Heads Matter for In-Context Learning?. Claim: A small set of function-vector heads contains a compact task representation sufficient to recover much of ICL behavior. Supporting result: Preserving the top 2% FV heads preserves ICL accuracy under broader ablation; summing selected task-conditioned head outputs into one function vector and injecting it into shuffled prompts recovers most clean-run accuracy for all but Pythia 2.8B. Claim: Increasing model size and training time reorganizes important ICL heads from induction-like heads toward function-vector heads, with the latter increasingly supporting few-shot ICL. Supporting result: Model size and training checkpoint are explicit variables; FV-head ablation becomes more behaviorally consequential in larger models, and tracked individual heads lose induction score while gaining FV score during training.
included	w_9f42a69c53e47f06	Why the Brain Consolidates: Predictive Forgetting for Optimal Generalisation	INCLUDE	supported-claims-results	744	142	0	0	Title: Why the Brain Consolidates: Predictive Forgetting for Optimal Generalisation. Claim: Learned refinement selectively removes input information while retaining task-relevant information. Supporting result: Mutual-information estimates, held-out cross-fitting, regularization controls, and replay tests show a reduced representation with preserved or improved prediction rather than indiscriminate collapse. Claim: Iterative refinement depth and capacity control progressive predictive forgetting and generalization. Supporting result: Refinement-step, model, objective, and dataset series show nuisance information falling while label information and test performance improve across five vision datasets, GSM8K, and fifty-seed simulations.
audited	w_7ced2a0538a6bf26	A Bayesian Perspective on the Role of Epistemic Uncertainty for Delayed Generalization in In-Context Learning	EXCLUDE	explicit-claims-results	2123	430	0	0	Title: A Bayesian Perspective on the Role of Epistemic Uncertainty for Delayed Generalization in In-Context Learning. Claim: In-context learning enables transformers to adapt to new tasks from a few examples at inference time, while grokking highlights that this generalization can emerge… Supporting result: A Bayesian Perspective on the Role of Epistemic Uncertainty for Delayed Generalization in In-Context Learning Abdessamed Qchohi abdessamed.qchohi@eurecom.fr EURECOM, France Simone Rossi simone.rossi@eurecom.fr EURECOM, France Abstract In-context learning enables transformers to adapt to new tasks from a few examples at inference time, while grokking highlights that this general- ization can emerge abruptly only after prolonged training. Claim: In-context learning enables transformers to adapt to new tasks from a few examples at inference time, while grokking highlights that this generalization can emerge… Supporting result: Additionally, we provide theoretical support with a simplified Bayesian linear model, showing that asymptotically both delayed generalization and uncertainty peaks arise from the same underlying spectral mechanism, which links grokking time to uncertainty dynamics. 1 Introduction In-Context Learning (ICL) has emerged as a powerful paradigm in which Large Language Models (LLMs) can learn to perform new tasks by conditioning on a few examples provided in the input prompt (Brown et al., 2020). Claim: In-context learning enables transformers to adapt to new tasks from a few examples at inference time, while grokking highlights that this generalization can emerge… Supporting result: Additionally, we provide theoretical support with a simplified Bayesian linear model, showing that asymptotically both delayed generalization and uncertainty peaks arise from the same underlying spectral mechanism, which links grokking time to uncertainty dynamics. 1 Introduction In-Context Learning (ICL) has emerged as a powerful paradigm in which Large Language Models (LLMs) can learn to perform new tasks by conditioning on a few examples provided in the input prompt (Brown et al., 2020).
audited	w_094c3309bf13cd4c	A Critical Period for Compositional Visual Grounding? Controlled Block Order and Causal Attention Interventions in a Small Vision–Language Transformer	EXCLUDE	explicit-claims-results	1648	355	0	0	Title: A Critical Period for Compositional Visual Grounding? Controlled Block Order and Causal Attention Interventions in a Small Vision–Language Transformer. Claim: A Critical Period for Compositional Visual Grounding? Supporting result: Controlled Block Order and Causal Attention Interventions in a Small Vision–Language Transformer Zuo Yuchen Devi Ahilya Vishwavidyalaya Research Article Keywords: visual grounding, compositional generalization, critical periods, curriculum learning, vision– language transformers, activation patching, mechanistic interpretability Posted Date: August 6th, 2026 DOI: https://doi.org/10.21203/rs.3.rs-10594938/v1 License:   This work is licensed under a Creative Commons Attribution 4.0 International License. Claim: The primary test used reciprocal 2 × 2 groups: each of two same-word captions was correct for one image and the foil for its… Supporting result: Controlled Block Order and Causal Attention Interventions in a Small Vision–Language Transformer Zuo Yuchen Devi Ahilya Vishwavidyalaya Research Article Keywords: visual grounding, compositional generalization, critical periods, curriculum learning, vision– language transformers, activation patching, mechanistic interpretability Posted Date: August 6th, 2026 DOI: https://doi.org/10.21203/rs.3.rs-10594938/v1 License:   This work is licensed under a Creative Commons Attribution 4.0 International License. Claim: A small cross-modal transformer was trained from scratch on procedurally rendered colored shapes. Supporting result: Developmental interpretability instead follows internal mechanisms as they form and tests them with intervention.
audited	w_c05624cc0be4c2cb	A jamming transition from under- to over-parametrization affects generalization in deep learning	INCLUDE	explicit-claims-results	717	150	0	0	Title: A jamming transition from under- to over-parametrization affects generalization in deep learning. Claim: The number of unsatisfied constraints jumps discontinuously at the jamming line. Supporting result: The internal discontinuity and behavioral cusp are reproduced across sample sizes, depths, losses, activations, and random versus structured data; early stopping removes the cusp as predicted. Claim: Width and sample count control a qualitative loss-landscape regime change tied to generalization. Supporting result: Systematic parameter/sample sweeps connect the satisfiable/unsatisfiable constraint organization and Hessian geometry to training fit and a cusp in test error across random data and MNIST.
audited	w_f94f564014be4c25	A Mechanistic Analysis of Transformers for Dynamical Systems	INCLUDE	explicit-claims-results	759	147	0	0	Title: A Mechanistic Analysis of Transformers for Dynamical Systems. Claim: A three-dimensional latent state learned from scalar histories preserves the system's predictive dynamics. Supporting result: The compact latent supports held-out forecasting and reconstruction of the higher-dimensional flow field; context and latent-dimension ablations plus five-fold cross-validation establish faithful functional retention. Claim: Context length and latent dimension control recovery of a predictive dynamical-system state. Supporting result: Context, latent-width, parameter-conditioning, and architecture controls connect the change from folded to separated latent geometry to forecasting and flow-field reconstruction over ten seeds and cross-validation folds.
audited	w_3f7299052e18118d	A Neural Network Model of Free Recall Learns Multiple Memory Strategies	INCLUDE	explicit-claims-results	1325	252	0	0	Title: A Neural Network Model of Free Recall Learns Multiple Memory Strategies. Claim: The best free-recall models compress list content into a stimulus-invariant serial-index scaffold that supports efficient and robust retrieval. Supporting result: Index explains substantially more hidden-state variance for the memory-palace strategy, cross-decodes across items and study/response phases, and the same recurrent state is the cosine-similarity cue used to retrieve stored memories; the strategy has the best accuracy and noise robustness. Claim: The learned index abstraction generalizes across unseen item sets, phases, and recall tasks. Supporting result: Eight-to-64-item cross-decoding and study-to-response decoding test invariance inside the same free-recall setup; conditional-recall networks are trained separately and adopt task-specialized strategies. Claim: The network learns an item-independent serial-position coordinate system analogous to a memory palace, without a prescribed recall order. Supporting result: Across trained populations, a stable positional trajectory distinct from temporal-context strategies emerges despite reward being indifferent to recall order; it is reinstated during retrieval, linked to forward recall, and its incidence shifts predictably with discount and memory-flush controls.
audited	w_07d5eb02f4e65497	A phase transition between positional and semantic learning in a solvable model of dot-product attention	INCLUDE	explicit-claims-results	838	150	0	0	Title: A phase transition between positional and semantic learning in a solvable model of dot-product attention. Claim: A phase boundary separates positional and semantic attention regimes. Supporting result: At the predicted critical sample load, the positional order parameter gives way to semantic alignment while generalization crosses the positional-baseline boundary; analytic loss-landscape results and repeated finite-size simulations locate the same transition. Claim: Increasing sample complexity shifts attention from positional to semantic solutions. Supporting result: Sweeps over sample load alpha connect a switch in the semantic and positional order parameters to the validation-MSE advantage of the semantic solution; 24 problem instances, 30-run finite-size tests, and matrix/architecture controls reproduce the regimes.
audited	w_a5e46f75ed09651c	A Rationale from a Frequency Perspective for Grokking in Training Neural Networks	EXCLUDE	explicit-claims-results	179	38	0	0	Title: A Rationale from a Frequency Perspective for Grokking in Training Neural Networks. Claim: A Rationale from a Frequency Perspective for Grokking in Training Neural Networks.
audited	w_ee7cdd8c7d281656	A simple model of co-emergence of grid and place fields	INCLUDE	explicit-claims-results	770	147	0	0	Title: A simple model of co-emergence of grid and place fields. Claim: A single predictive RNN develops complementary grid- and place-like spatial codes without spatial supervision. Supporting result: Neither cell type nor allocentric coordinates are supplied; formal field metrics characterize the learned codes, while architecture removals and new-environment experiments show the recurrent state uses the organization for next-sensory prediction. Claim: Noise, masking, memory decay, environment, and training time reorganize the balance of spatial codes. Supporting result: One thousand parameter configurations, ten-seed replication, architectural controls, and developmental trajectories connect place/grid population regimes to the sensory-prediction computation.
audited	w_c8aa82534e05dc80	Acceleration of Grokking in Learning Arithmetic Operations Via Kolmogorov-Arnold Representation	EXCLUDE	explicit-claims-results	459	79	0	0	Title: Acceleration of Grokking in Learning Arithmetic Operations Via Kolmogorov-Arnold Representation. Claim: Observing the shared structure between KA representations associated with binary operations, we suggest various transfer learning mechanisms that expedite grokking. Supporting result: Observing the shared structure between KA representations associated with binary operations, we suggest various transfer learning mechanisms that expedite grokking.
audited	w_8e2c23b49bc4d436	Actionable Activation Directions for Detecting and Mitigating Emergent Misalignment Across Language Model Families	EXCLUDE	explicit-claims-results	609	112	0	0	Title: Actionable Activation Directions for Detecting and Mitigating Emergent Misalignment Across Language Model Families. Claim: Cross-architecture transfer via ridge regression maps yields large behavioral suppression (up to 46 points) but fails specificity controls as random and orthogonal directions perform… Supporting result: First systematic cross-architecture emergent misalignment direction transfer study with specificity controls.Prior work established that a linear misalignment direction exists within a single model family and transfers across fine-tunes of the same architecture (Soligo et al.
audited	w_9b4cd178ad4adfab	Adaptive time scales in recurrent neural networks	EXCLUDE	explicit-claims-results	304	57	0	0	Title: Adaptive time scales in recurrent neural networks. Claim: Adaptive time scales in recurrent neural networks. Supporting result: A tempting explanation for the emergence of such a hierarchy is the hierarchical causal structure of the outside world that shapes the representations of the brain [10].
audited	w_66f94b2437b7dc7a	Algebraic Representability as the Limiting Regime of Grokking: An Exactly Solvable Model with Holomorphic Activations	EXCLUDE	explicit-claims-results	1113	237	0	0	Title: Algebraic Representability as the Limiting Regime of Grokking: An Exactly Solvable Model with Holomorphic Activations. Claim: Here the network output, regardless of hidden width, is confined to a (k+1)-dimensional subspace of characters of (Z_p)^2, an O(k/p^2) slice of the full… Supporting result: A bottleneck ablation connects this algebraic extreme to standard networks, tracing a continuous path from representational failure, through memorisation without generalisation, to grokking with a shrinking gap as capacity grows. 1 Introduction There is something genuinely puzzling about grokking. Claim: Neural networks trained on modular arithmetic exhibit grokking, a delayed transition from memorisation to generalisation known to depend on model capacity: too little and… Supporting result: Liu et al. 2022 proposed a representation-learning account, identifying four learning phases—comprehension, grokking, memorisation, and confusion—determined by model size and weight decay; their work also noted, without developing the point, that very small models may skip grokking and generalise immediately.
audited	w_16cd2ac0aa2264b5	Algorithmic Phase Transitions in Language Models: A Mechanistic Case Study of Arithmetic	EXCLUDE	explicit-claims-results	989	219	0	0	Title: Algorithmic Phase Transitions in Language Models: A Mechanistic Case Study of Arithmetic. Claim: Algorithmic Phase Transitions in Language Models: A Mechanistic Case Study of Arithmetic. Supporting result: Algorithmic Phase Transitions in Language Models: A Mechanistic Case Study of Arithmetic Alan Sun1, Ethan Sun2, Warren Shepard2 1Carnegie Mellon University, 2Dartmouth College awsun@cmu.edu, {ethan.k.sun, warren.a.shepard}.26@dartmouth.edu Abstract Zero-shot capabilities of large language models make them powerful tools for solving a range of tasks without explicit training. Claim: Zero-shot capabilities of large language models make them powerful tools for solving a range of tasks without explicit training. Supporting result: Our paper stands in contrast to many existing works that seek to elucidate the mechanism for arithmetic [Stolfo et al., 2023b,a, Qiu et al., 2024], as we focus solely on the transitions between mechanisms rather than the mechanisms themselves.
audited	w_69468026d902ba92	An Emergent Mirage: Is Emergent Misalignment and Realignment Indeed a Robust Phenomenon?	EXCLUDE	explicit-claims-results	956	193	0	0	Title: An Emergent Mirage: Is Emergent Misalignment and Realignment Indeed a Robust Phenomenon?. Claim: Recent work has reported Emergent Misalignment (EM), where language models fine-tuned on narrow, domain-specific misaligned datasets abruptly acquire broadly misaligned behavior, alongside evidence that… Supporting result: We sys- tematically study repeated alignment and mis- alignment cycles using controlled fine-tuning loops while tracking behavioral performance, and LoRA representations throughout training. Claim: We systematically study repeated alignment and misalignment cycles using controlled fine-tuning loops while tracking behavioral performance, and LoRA representations throughout training. Supporting result: (2025b) use sparse- autoencoder methods to uncover misaligned per- sonas whose activation controls EM across mod- els and training setups, revealing a toxic persona feature that most strongly predicts emergent mis- alignment.
audited	w_ed2497928c30d699	Anchored Intrinsic Coordinates for Grokking: Curvature, Predictive Reducibility, and Boundary Cases	EXCLUDE	explicit-claims-results	718	162	0	0	Title: Anchored Intrinsic Coordinates for Grokking: Curvature, Predictive Reducibility, and Boundary Cases. Claim: Five complementary findings emerge from 204 trajectories spanning 5 architectures, 2 modular arithmetic tasks, 6 hyperparameter cells per architecture, 3 seeds per cell, and… Claim: A 12-cell sensitivity grid over post-hoc thresholds confirms F1 robustness; we pre-register a 7-criterion audit and all seven pass. Claim: Anchored Intrinsic Coordinates for Grokking: Curvature, Predictive Reducibility, and Boundary Cases. Claim: On 1L Transformer, 3L Transformer, and MLP shallow, the empirical shape follows the constant-rate slowmanifold limit w ≈ 1-u: per-architecture per-trajectory mean slope lies…
audited	w_310671f6b2320a54	Are Your Reasoning Models Reasoning or Guessing? A Mechanistic Analysis of Hierarchical Reasoning Models	EXCLUDE	explicit-claims-results	1300	301	0	0	"Title: Are Your Reasoning Models Reasoning or Guessing? A Mechanistic Analysis of Hierarchical Reasoning Models. Claim: (b) ""Grokking"" dynamics in reasoning steps, i.e., the answer is not improved uniformly, but instead there is a critical reasoning step that suddenly makes… Supporting result: (b) “Grokking” dynamics in reasoning steps, i.e., the answer is not improved uniformly, but instead there is acritical reasoning stepthat suddenly makes the answer correct; (c)Existence of multi- ple fixed points. Claim: Leveraging this ""guessing"" picture, we propose three strategies to scale HRM's guesses: data augmentation (scaling the quality of guesses), input perturbation (scaling the number… Supporting result: We hypothesize that the recursion (outermost loop) of HRM serves as a way of scaling “guessing” attempts for a plausible latent state, chal- lenging the common belief that recursive reasoning boosts performance by incremental refinement. • Reasoning “gets lost” in the latent space, due to multi-stability of the reasoning landscape (Section 5): Closely inspecting the reasoning trajectory in the latent space, we are able to classify reasoning modes of HRM, among which the most interesting failure mode is when it “gets lost”, i.e., lingering around some misleading attractive point."
audited	w_8686cbb9af9f8fa5	Arithmetic Pedagogy for Language Models	EXCLUDE	explicit-claims-results	500	88	0	0	Title: Arithmetic Pedagogy for Language Models. Claim: We investigate whether methods of human mathematics pedagogy can guide the training of language models toward arithmetic reasoning. Supporting result: Through large-scale training, Transformer models appear to form internal representations that approximate part of the structural regularity in mathematical relationships by capturing statistical regularities associated with operations, numerical relations, and problem-solving patterns [3, 11].
audited	w_8bf24f4dbe9ac287	Arithmetic with language models: From memorization to computation	EXCLUDE	explicit-claims-results	603	150	0	0	Title: Arithmetic with language models: From memorization to computation. Claim: This work investigates how a language model, trained to predict the next token, can perform arithmetic computations generalizing beyond training data. Supporting result: More formally, given two integers 𝐴, 𝐵 (both in the range [0,127]) our input sequence (or prompt) is a 14-token string taking the form: 𝑎0 𝑎1 𝑎2 𝑎3 𝑎4 𝑎5 𝑎6 〈𝑜𝑝〉 𝑏0 𝑏1 𝑏2 𝑏3 𝑏4 𝑏5 𝑏6 where 𝑎𝑖, 𝑏𝑖 ∈ {‘0’, ‘1’} are the symbols corresponding to bits in 𝑖-th position in the binary representation of 𝐴 and 𝐵 respectively, and 〈𝑜𝑝〉 can be either ‘+’ or ‘×’.
audited	w_92e78fbf258ed40a	Assign and Add: A Mechanistic Study of Compositional Arithmetic	INCLUDE	explicit-claims-results	1106	190	0	0	Title: Assign and Add: A Mechanistic Study of Compositional Arithmetic. Claim: In this paper, we study a mechanism for compositional generalization in transformers by considering a simple controlled setting involving variable assignment and modular addition. Supporting result: In this paper, we study a mechanism for compositional generalization in transformers by considering a simple controlled setting involving variable assignment and modular addition. Claim: The transformer learns to compose a Fourier addition circuit with a variable-binding circuit. Supporting result: The combined mechanism is not prescribed, is formally decomposed into Fourier and modified-induction operations, and isolated-subcircuit, mismatch, and intervention tests establish functional composition on unseen combinations. Claim: Assignment and modular-addition mechanisms form in distinct training phases. Supporting result: Checkpoint analysis and alternative-initialization controls show a modular-addition circuit forming before a sharp variable-binding attention reorganization and the compositional accuracy increase.
audited	w_7642d8c74152ab9f	Attention-Head Binding as a Term-Conditioned Mechanistic Marker of Accessibility Concept Emergence in Language Models	INCLUDE	explicit-claims-results	1669	437	0	0	Title: Attention-Head Binding as a Term-Conditioned Mechanistic Marker of Accessibility Concept Emergence in Language Models. Claim: A parameter threshold near 1B and a training-step threshold govern decoupling. Supporting result: The claimed thresholds pair a mechanistic binding transition with behavior, causal top/random/bottom-head controls, five CRFM seeds, and cross-architecture checks. Claim: Attention-Head Binding as a Term-Conditioned Mechanistic Marker of Accessibility Concept Emergence in Language Models. Supporting result: \documentclass[10pt]{article} % For LaTeX2e \usepackage[accepted]{tmlr} % If accepted, instead use the following line for the camera-ready submission: %\usepackage[accepted]{tmlr} % To de-anonymize and remove mentions to TMLR (for example for posting to preprint servers), instead use the following: %\usepackage[preprint]{tmlr} \usepackage{amsmath} \usepackage{amssymb} \usepackage{microtype} \usepackage{graphicx} \usepackage{hyperref} \usepackage{orcidlink} \usepackage{url} \usepackage{tikz-cd} \usepackage{multicol} \usepackage{float} \usepackage{placeins} \usepackage{longtable} \graphicspath{{figures/}{attention-binding-a11y/paper/figures/}{attention-binding-a11y/figures/}} \title{Attention-Head Binding as a Term-Conditioned Mechanistic Marker of Accessibility Concept Emergence in Language Models} % Authors must not appear in the submitted version. Claim: The structure-behavior relationship transforms qualitatively across scales. Supporting result: Seven models across five architectures and checkpoints show scale- and training-dependent binding regimes; targeted head ablation reverses sign between 160M and 2.8B.
audited	w_4d72f64019a5d816	Attention to Order: Transformers Discover Phase Transitions via Learnability	EXCLUDE	explicit-claims-results	1037	193	0	0	Title: Attention to Order: Transformers Discover Phase Transitions via Learnability. Claim: Using self-supervised learning and Monte Carlo generated configurations of the two-dimensional Ising model, we show that ordered phases correspond to enhanced learnability, manifested in… Supporting result: Autoencoders, on the other hand, extend this logic by compressing spin configurations into a reduced latent space through nonlinear encoding. Claim: Attention to Order: Transformers Discover Phase Transitions via Learnability. Supporting result: Two unsupervised diagnostics, the sharp jump in training loss and the rise in attention entropy, recover the critical temperature in excellent agreement with the exact value. Claim: Using self-supervised learning and Monte Carlo generated configurations of the two-dimensional Ising model, we show that ordered phases correspond to enhanced learnability, manifested in… Supporting result: These embeddings capture co-occurrence and word or- der, forming the basis for semantic representation.
audited	w_3d415e237f7c4f65	Autocorrelations from emergent bistability in homeostatic spiking neural networks on neuromorphic hardware	INCLUDE	explicit-claims-results	863	171	0	0	Title: Autocorrelations from emergent bistability in homeostatic spiking neural networks on neuromorphic hardware. Claim: An input-controlled nonequilibrium transition produces bistability and long autocorrelation times. Supporting result: The internal population distribution changes near the identified input boundary together with the autocorrelation regime; hardware, finite-size simulation, analytic mean field, and repeated experimental runs distinguish the bifurcation from scale-free avalanche criticality. Claim: External input and system size control an emergent bistable population regime after homeostatic learning. Supporting result: Input and size sweeps connect the learned recurrent-weight organization and unimodal-to-bimodal population dynamics to autocorrelation behavior in neuromorphic hardware, software replication, and mean-field controls.
audited	w_3144bdd83cd17ac0	Automated construction of cognitive maps with visual predictive coding	INCLUDE	explicit-claims-results	786	142	0	0	Title: Automated construction of cognitive maps with visual predictive coding. Claim: Predictive coding compresses visual sequences into a compact spatial representation. Supporting result: The predictive latent retains substantially more positional information than a matched autoencoder in visually degenerate corridors, and its learned overlap code is directly consumed to predict future images and decode displacement. Claim: A coordinate-free cognitive map emerges from visual predictive coding. Supporting result: Without position labels or prescribed map coordinates, the model learns formally characterized place-like regions and a metric/topological overlap code; prediction and displacement readouts use that code, with autoencoder and symmetry controls delimiting the result.
audited	w_0ff86e6a31e1d145	Balancing Stability and Flow in Hippocampal Networks via Inductive Bias and Learned Symmetry Breaking	INCLUDE	explicit-claims-results	1514	271	0	0	Title: Balancing Stability and Flow in Hippocampal Networks via Inductive Bias and Learned Symmetry Breaking. Claim: These results suggest that hippocampal computation reflects an interaction between biologically constrained circuit structure and task-driven learning, with partial symmetry breaking providing a low-dimensional… Supporting result: These results suggest that hippocampal computation reflects an interaction between biologically constrained circuit structure and task-driven learning, with partial symmetry breaking providing a low-dimensional control principle for balancing stability and flow in sequence generation. Claim: Prediction training produces a tilted Mexican-hat recurrent organization from random connectivity. Supporting result: Without prescribing the learned recurrent weights, optimization produces a formally decomposed mixed-symmetry attractor-like organization; replay from noise and prefix-conditioned prediction use its stabilizing symmetric and flow-inducing antisymmetric components, with component-family and local-plasticity controls reproducing the functional regimes. Claim: Replay and prediction depend qualitatively on the balance between symmetric and antisymmetric recurrence. Supporting result: Training trajectories and initialization sweeps connect convergence toward an intermediate symmetry regime to coherent replay, prediction, and optimization; identity, cyclic-shift, random, and Mexican-hat families delimit stabilization and directional-flow alternatives.
audited	w_15e8cda2ffdcc159	Benign Overfitting and Grokking in ReLU Networks for XOR Cluster Data	EXCLUDE	explicit-claims-results	662	128	0	0	Title: Benign Overfitting and Grokking in ReLU Networks for XOR Cluster Data. Claim: Neural networks trained by gradient descent (GD) have exhibited a number of surprising generalization behaviors. Supporting result: Our proofs rely on analyzing the feature learning process under GD, which reveals that the network implements a non-generalizable linear classifier after one step and gradually learns generalizable features in later steps. 1 Introduction Classical wisdom in machine learning regards overfitting to noisy training data as harmful for generalization, and regularization techniques such as early stopping have been developed to prevent overfitting.
audited	w_47f0ccb3e2ec3eac	Beyond Induction Heads: In-Context Meta Learning Induces Multi-Phase Circuit Emergence	INCLUDE	explicit-claims-results	602	113	0	0	Title: Beyond Induction Heads: In-Context Meta Learning Induces Multi-Phase Circuit Emergence. Claim: Circuit metrics change abruptly with the sudden jumps in accuracy. Supporting result: Circuit metrics shift cleanly at behavioral phase boundaries across plotted seeds, including a smooth-loss setting with hidden abrupt circuit specialization. Claim: A unique circuit emerges in each phase during training. Supporting result: Checkpoint curves show NCC, SCC, and FCC circuits replacing one another as ICL accuracy moves through its three plateaus; masked-circuit predictions reproduce phase behavior.
audited	w_63db75cd5e03c2b8	Bridging Lottery Ticket and Grokking: Understanding Grokking from Inner Structure of Networks	INCLUDE	explicit-claims-results	1826	376	0	0	"Title: Bridging Lottery Ticket and Grokking: Understanding Grokking from Inner Structure of Networks. Claim: We demonstrate that utilizing lottery tickets obtained during the generalizing phase (termed grokked tickets) significantly reduces delayed generalization across various tasks, including multiple modular… Supporting result: H1 [ Liu+ ]: Reducing weight norm H2 [ Merrill+ ] : Higher Sparsity Train Test H3 (Ours): Finding good structure ! ! "" # smaller "" $ ! %"" % ! ! "" # smaller "" & ! %"" % ! ! "" # ! %"" % bettr structure Experiments: sec 4 controlled experiments, sec 5.1 Progress measure using H3, sec 5.2 pruning as force to grokking, and sec 5.3 links to good representation 0 0.5 1 Accuracy Training Steps 0 0.5 1 Accuracy Training Steps (a) Dense network (b) Lottery Ticket (Good Subnetworks) Delayed generalization No delay!! ■ Observation: Lottery ticket eliminates delayed generalization ■ What happen during delayed generalization? Claim: The winning subnetwork changes rapidly at the generalization transition. Supporting result: Graph-structure and overlap quantities transition with accuracy across replicated settings; edge-popup selection converts memorizing weights toward the generalizing behavior without ordinary weight training. Claim: Training discovers a formally structured Fourier-like lottery-ticket circuit. Supporting result: The sparse circuit is not architecturally specified, is characterized by graph and frequency structure, transfers across matched runs, and causally supports generalization through masking and edge-popup interventions. Claim: A sparse generalizing subnetwork forms late in grokking training. Supporting result: Checkpoint, task, architecture, and initialization comparisons connect a structural subnetwork transition to delayed generalization across multiple seeds."
audited	w_2715496262944022	Character as a Latent Variable in Large Language Models: A Mechanistic Account of Emergent Misalignment and Conditional Safety Failures	EXCLUDE	explicit-claims-results	1608	336	0	0	Title: Character as a Latent Variable in Large Language Models: A Mechanistic Account of Emergent Misalignment and Conditional Safety Failures. Claim: Across multiple domains and model families, we find that fine-tuning models on data exhibiting specific character-level dispositions induces substantially stronger and more transferable misalignment… Supporting result: If character gov- erns behavior at an abstract level, we expect the following: • Emergent Misalignmentshould be stronger and more transferable when fine-tuning explicitly shapes character-level dispositions, rather than merely intro- ducing incorrect content. • Triggered Persona Controlshould arise when exter- nal cues selectively activate a learned character, al- lowing misaligned behavior to remain dormant under standard evaluation. • Persona-Aligned Jailbreaksshould be more effective on models that have acquired misaligned character traits, as such prompts activate latent dispositions at inference time. 4. Claim: We further show that such behavioral dispositions can be conditionally activated by both training-time triggers and inference-time persona-aligned prompts, revealing shared structure across emergent… Supporting result: Character as a Latent Variable in Large Language Models: A Mechanistic Account of Emergent Misalignment and Conditional Safety Failures Yanghao Su1 Wenbo Zhou 1 Tianwei Zhang 2 Qiu Han 3 Weiming Zhang 1 Nenghai Yu1 Jie Zhang 4 Abstract Emergent Misalignment refers to a failure mode in which fine-tuning large language models (LLMs) on narrowly scoped data induces broadly mis- aligned behavior.
audited	w_d8d988a779b74559	Characterization of the Neuronal and Network Dynamics of Liquid State Machines	EXCLUDE	explicit-claims-results	270	49	0	0	Title: Characterization of the Neuronal and Network Dynamics of Liquid State Machines. Claim: Network-theoretic analysis suggests that the formation of large functional clusters and the promotion of dynamic transitions between large and small clusters may contribute to…
audited	w_8d4fdc1ea9b8170d	CheckersGPT: Learning World Models through Language Modeling	EXCLUDE	explicit-claims-results	932	216	0	0	Title: CheckersGPT: Learning World Models through Language Modeling. Claim: CheckersGPT: Learning World Models through Language Modeling. Supporting result: While one line of work in the past has sug- gested that LLMs learn surface-level statistics from the dataset, another line of work empha- sizes that the learned representations are effec- tive for simulating the underlying world model, considering the causal relationship for the next token prediction. Claim: Although Large Language Models (LLMs) have been trained using just the next token prediction objective, these have shown impressive performance on various tasks.Consequently, it… Supporting result: This property of the emergence of the ‘world model’ (Ha and Schmidhuber, 2018) in the learned representations has attracted signif- icant research interest in recent years (Li et al., 2021; Toshniwal et al., 2022; Li et al., 2023; Nanda et al., 2023; Karvonen, 2024).
audited	w_584c8d983c92b47f	Circuit Synchronization Precedes Generalization: A Causal Precursor to Grokking	INCLUDE	explicit-claims-results	1209	249	0	0	Title: Circuit Synchronization Precedes Generalization: A Causal Precursor to Grokking. Claim: Grokking is the delayed generalisation phenomenon where a transformer trained on modular arithmetic abruptly transitions from near-chance to near-perfect validation accuracy. Supporting result: Figure 7: Threshold mechanism.(a)Parameter norm ∥W∥ along each λ fork; grokking (⋆) occurs at a near-constant norm τ≈23.5 (red dashed; CV = 0.13) independent of λ.(b)Fitted log-decay rate increases withλbut stays below the pure-decay lineηλ, as gradient updates oppose the decay. Claim: Training constructs a synchronized Fourier circuit that executes the learned algorithm. Supporting result: The circuit is not inserted by the architecture, is formally decomposed into interacting frequency components, and is validated by component-level interventions and forked training controls that change generalization. Claim: Fourier-circuit synchronization develops before delayed generalization. Supporting result: Checkpoint trajectories across tasks, configurations, and seeds connect synchronization of independently learned Fourier components to the later accuracy transition; matched weight-decay forks move both events.
audited	w_c569341f9f7b5f6f	Complexity of Linear Regions in Self-supervised Deep ReLU Networks	EXCLUDE	explicit-claims-results	366	73	0	0	Title: Complexity of Linear Regions in Self-supervised Deep ReLU Networks. Claim: Recent work investigates the evolution of the number of piecewise-linear partitions (linear regions) that are formed during training. Supporting result: Our analysis suggests that polytopal metrics can serve as reliable indicators of representation quality and model per- formance. 1.
audited	w_83b81c26c357f6b1	Compositional Generalization from Learned Skills via CoT Training: A Theoretical and Structural Analysis for Reasoning	EXCLUDE	explicit-claims-results	1058	197	0	0	Title: Compositional Generalization from Learned Skills via CoT Training: A Theoretical and Structural Analysis for Reasoning. Claim: Compositional Generalization from Learned Skills via CoT Training: A Theoretical and Structural Analysis for Reasoning. Supporting result: In addition, controlled experiments and real-world validation confirm that CoT training accel- erates convergence and enhances generalization from ID to both ID and OOD sce- narios while maintaining robust performance even with tolerable noise.❷Struc- turally, CoT training internalizes reasoning into a two-stage compositional circuit, where the number of stages corresponds to the explicit reasoning steps during training. Claim: Compositional Generalization from Learned Skills via CoT Training: A Theoretical and Structural Analysis for Reasoning. Supporting result: We formalize this process through a unified theoretical framework and validate it via a detailed structural analysis of the model’s internal computational circuits. •Generalization Error Analysis(Section 2, forQ1).
audited	w_2f8927f68568913d	Computational mechanisms for temporal integration in the anterior claustrum	EXCLUDE	explicit-claims-results	935	171	0	0	Title: Computational mechanisms for temporal integration in the anterior claustrum. Claim: Here, we developed a recurrent neural network (RNN) trained via supervised learning on behavioral metrics of delayed escape—a task that requires inference-based escape behavior… Supporting result: We propose that the anterior claustrum dynamically integrates task-relevant input signals over time and broadcasts the evolving representation to downstream brain regions capable of reading and interpreting it in a context-dependent manner. Claim: Here, we developed a recurrent neural network (RNN) trained via supervised learning on behavioral metrics of delayed escape—a task that requires inference-based escape behavior… Supporting result: We then compared the network’s emergent population activity patterns with in vivo claustral recordings, and used the model to explore circuit-level mechanisms of integrating temporally separated inputs.
audited	w_1729badd7318419a	Context and Diversity Matter: The Emergence of In-Context Learning in World Models	EXCLUDE	explicit-claims-results	608	128	0	0	Title: Context and Diversity Matter: The Emergence of In-Context Learning in World Models. Claim: Context and Diversity Matter: The Emergence of In-Context Learning in World Models. Supporting result: Therefore, in the ER regime, the model first acquires world models for the entire environment set through IWL or parametric memory, and then uses the context solely to identify the current environment. 3.2 ENVIRONMENTLEARNING(EL) Equation (3) is efficient when the environment set E is small, yet its effectiveness diminishes rapidly as the size and diversity of E grow or when the system faces open worlds.
audited	w_679c49d202c94f8e	Control of criticality and computation in spiking neuromorphic networks with plasticity	INCLUDE	explicit-claims-results	794	146	0	0	Title: Control of criticality and computation in spiking neuromorphic networks with plasticity. Claim: Low external drive moves the learned recurrent network into a critical regime with distinct computational behavior. Supporting result: Branching ratio, autocorrelation, susceptibility, finite-size avalanche cutoff, and complex-task performance change together under the input control; one hundred random-seed runs and hardware/software validation replicate the regime. Claim: External input strength controls critical network organization and task-dependent computation. Supporting result: Input-strength and finite-size series connect plasticity-shaped recurrent dynamics to avalanche, branching, correlation, information, and task-performance changes across hardware and software controls.
audited	w_c05e2ba02fa11716	Controlling Grokking with Nonlinearity and Data Symmetry	EXCLUDE	explicit-claims-results	442	92	0	0	Title: Controlling Grokking with Nonlinearity and Data Symmetry. Claim: This paper demonstrates that grokking behavior in modular arithmetic with a modulus P in a neural network can be controlled by modifying the profile… Supporting result: [ 7] attribute generalization to learning a representation of the input embedding s which, in the case of algorithmic datasets, is generally accompanied by the emergence of structure in the embeddings.
audited	w_0f9196b38bcf5602	Cortical Circuits from Scratch: A Metaplastic Architecture for the Emergence of Lognormal Firing Rates and Realistic Topology	EXCLUDE	explicit-claims-results+abstract-fallback	1780	338	0	0	Title: Cortical Circuits from Scratch: A Metaplastic Architecture for the Emergence of Lognormal Firing Rates and Realistic Topology. Abstract fallback: Our current understanding of neuroplasticity paints a picture of a complex interconnected system of dependent processes which shape cortical structure so as to produce an efficient information processing system. Indeed, the cooperation of these processes is associated with robust, stable, adaptable networks with characteristic features of activity and synaptic topology. However, combining the actions of these mechanisms in models has proven exceptionally difficult and to date no model has been able to do so without significant hand-tuning. Until such a model exists that can successfully combine these mechanisms to form a stable circuit with realistic features, our ability to study neuroplasticity in the context of (more realistic) dynamic networks and potentially reap whatever rewards these features and mechanisms imbue biological networks with is hindered. We introduce a model which combines five known plasticity mechanisms that act on the network as well as a unique metaplastic mechanism which acts on other plasticity mechanisms, to produce a neural circuit model which is both stable and capable of broadly reproducing many characteristic features of cortical networks. The MANA (metaplastic artificial neural architecture) represents the first model of its kind in that it is able to self-organize realistic, nonrandom features of cortical networks, from a null initial state (no synaptic connectivity or neuronal differentiation). In the same vein as models like the SORN (self-organizing recurrent network) MANA represents further progress toward the reverse engineering of the brain at the network level.
audited	w_042e2240de24720b	Counterfactual reasoning: an analysis of in-context emergence	EXCLUDE	explicit-claims-results	617	123	0	0	Title: Counterfactual reasoning: an analysis of in-context emergence. Claim: Large-scale neural language models exhibit remarkable performance in in-context learning: the ability to learn and reason about the input context on the fly. Supporting result: Counterfactual reasoning: an analysis of in-context emergence Moritz Miller12∗ Bernhard Schölkopf12 Siyuan Guo13 1Max Planck Institute for Intelligent Systems 2ETH Zurich 3 University of Cambridge Abstract Large-scale neural language models exhibit remarkable performance in in-context learning: the ability to learn and reason about the input context on the fly.
audited	w_3a9d20d4ea381a66	Critical dynamics in associative memory networks	INCLUDE	explicit-claims-results	835	156	0	0	Title: Critical dynamics in associative memory networks. Claim: Plasticity regulation moves the learned associative network into a scale-free avalanche regime while preserving retrieval behavior. Supporting result: An explicit power-law-deviation threshold distinguishes critical from noncritical regimes; mechanism controls, load series, and ten-trial ensembles pair the internal regime with stored-pattern retrieval and delimit the capacity boundary. Claim: Memory load and regulatory mechanism control whether learned coupling structure supports both critical dynamics and associative retrieval. Supporting result: Load sweeps and Hebbian-only, homeostatic, and dynamical-synapse controls connect qualitative coupling/regime changes to reconstruction overlap and capacity; ten independent trials per load replicate the relationship.
audited	w_d18730b289f06c03	Critical dynamics in homeostatic memory networks	INCLUDE	explicit-claims-results	1832	362	0	0	Title: Critical dynamics in homeostatic memory networks. Claim: The resulting spike statistics depends on the assumed coding scheme, but even sparse or orthogonal memory patterns introduce a typical event size which is… Supporting result: However Selective modication of neuronal circuitry in the form of controlled homeostas is of synaptic weights is seen to mitigate this bias such that the network self-organizes to maintain the aver age strength of the synapses at the critical level. Claim: Homeostatic regulation controls a subcritical-to-critical-or-supercritical transition while memory retrieval evolves. Supporting result: An explicit power-law-error threshold, coupling increments, two sizes, depressive/facilitative synapses, and three pattern structures delimit the internal transition and pair it with retrieval-quality dynamics. Claim: Abstract Critical behavior in neural networks characterized by scale-free event distributions and brought about by self-regulatory mechanisms such as short-term synaptic dynamics or homeostatic… Supporting result: Activity dependent scaling of quantal amplitude in neocrotical n eurons Nature, (1998) Abstract Critical behavior in neural networks characterized by scale -free event distributions and brought about by self- regu- latory mechanisms such as short-term synaptic dynamics or home ostatic plasticity, is believed to optimize sensitivity to input and information transfer in the system. Claim: Learning history, coupling, network size, and pattern structure control internal regime organization and associative retrieval. Supporting result: Coupling sweeps, two network sizes, three pattern structures, and learning-time traces connect changes in learned connectivity and avalanche organization to stored-pattern overlap under explicit no-recall and homeostatic controls.
audited	w_e44f0fcfe85badcc	Critical Windows of Complexity Control: When Transformers Decide to Reason or Memorize	EXCLUDE	explicit-claims-results	1421	291	0	0	Title: Critical Windows of Complexity Control: When Transformers Decide to Reason or Memorize. Claim: Critical Windows of Complexity Control: When Transformers Decide to Reason or Memorize. Supporting result: Critical learning periods.[Achille et al., 2018] showed empirically that deep networks exhibit critical learning periods analogous to biological neural systems, temporary deficits during early training cause permanent representational damage. Claim: Recent work has shown that Transformers'compositional generalization is governed by \emph{complexity control}, initialization scale and weight decay, which steers training toward low-complexity reasoning solutions… Supporting result: Budget-controlled timing (Sec. 5.3).Holding the cumulative regularization budgetR λ(t)dt constant, middle placements produce OOD accuracy 0.85−0.91, while early placements with the same budget collapse to chance (0.10−0.15).Whenthe regularization is applied is more important thanhow much. 3. Claim: Recent work has shown that Transformers'compositional generalization is governed by \emph{complexity control}, initialization scale and weight decay, which steers training toward low-complexity reasoning solutions… Supporting result: B.4 Proof of Theorem 6 The basin shrinkage at small γ has two failure mechanisms which we analyze separately, giving an explicit form for both constantsCandC ′ in equation (10) of the main text.
audited	w_ba81662b1200a880	Criticality meets learning: Criticality signatures in a self-organizing recurrent neural network	EXCLUDE	explicit-claims-results	725	138	0	0	Title: Criticality meets learning: Criticality signatures in a self-organizing recurrent neural network. Claim: Criticality meets learning: Criticality signatures in a self-organizing recurrent neural network. Supporting result: Beyond those results, here we have shown for the first time criticality signatures arising in a network model designed for sequence learning via a combination of Hebbian and homeostatic plasticity mechanisms. Claim: Investigating criticality in the SORN is of particular interest because it has not been developed to show criticality. Supporting result: Introduction A popular hypothesis states that neural circuits operate near a second order phase transition, a so called critical point [1, 2].
audited	w_a68b84330ed82b99	CrystaL: Spontaneous Emergence of Visual Latents in MLLMs	EXCLUDE	explicit-claims-results	1012	228	0	0	Title: CrystaL: Spontaneous Emergence of Visual Latents in MLLMs. Claim: However, existing heuristically predefined supervision signals in latent CoT provide limited guidance for preserving critical visual information in intermediate latent states. Supporting result: To further cultivate complex reasoning, many MLLMs incorporate ex- plicit reasoning mechanisms inspired by Chain-of-Thought (CoT) (Zhang et al., 2023; Shao et al., 2024), which partition intricate queries into intermediate inferential steps. Claim: Multimodal Large Language Models (MLLMs) have achieved remarkable performance by integrating powerful language backbones with large-scale visual encoders. Supporting result: CrystaL: Spontaneous Emergence of Visual Latents in MLLMs Yang Zhang1 * Danyang Li 1 * Yuxuan Li1† Xin Zhang 1 Tianyu Xie 2 Mingming Cheng 1 Xiang Li 3 1† Abstract Multimodal Large Language Models (MLLMs) have achieved remarkable performance by inte- grating powerful language backbones with large- scale visual encoders.
audited	w_ae520d3640f2a268	Data Attribution of Emergent Misalignment with Persona Features	EXCLUDE	explicit-claims-results	1672	363	0	0	Title: Data Attribution of Emergent Misalignment with Persona Features. Claim: Using Sparse Autoencoder (SAE) based model diffing across four open-weight models, we find that features related to jailbreak personas, sarcasm, deception, and manipulation are… Supporting result: (2026) identified such features in GPT-4o us- ing Sparse Autoencoders (SAEs) and showed that steering them controls EM; Arditi and Chen (2025) report similar findings for open-weight models. Claim: However, fine-tuning on these human-written documents does not reliably induce EM, even after reformatting into assistant-style responses, whereas synthetic instruction-response pairs derived from the… Supporting result: Yet these human-written documents do not induce EM through fine-tuning, whereas LLM- generated instruction-response pairs seeded with the same content do, and even transfer across model families; a random-document baseline confirms that this effect stems from the attributed content rather than from the synthetic format alone. Claim: A leading mechanistic account attributes EM to persona features: latent directions acquired during pre-training that misaligned fine-tuning amplifies. Supporting result: Data Attribution of Emergent Misalignment with Persona Features Clemens Vetter* and David Kaczér* and Lucie Flek and Florian Mai Bonn-Aachen International Center for Information Technology, University of Bonn, Germany Lamarr Institute for Machine Learning and Artificial Intelligence, Germany dkaczer@bit.uni-bonn.de Abstract Emergent misalignment (EM) is the phe- nomenon where fine-tuning a language model on a narrow task leads to harmful behavior in unrelated domains.
audited	w_33d1c931feca94ec	Decentralized Collective World Model for Emergent Communication and Coordination	EXCLUDE	explicit-claims-results	1338	245	0	0	Title: Decentralized Collective World Model for Emergent Communication and Coordination. Claim: Our method integrates world models with communication channels, enabling agents to predict environmental dynamics, estimate states from partial observations, and share critical information through… Supporting result: These internal representations are influenced not only by the agent’s observations and actions but also by messages received in the previous timestep. Claim: Decentralized Collective World Model for Emergent Communication and Coordination. Supporting result: Decentralized Collective World Model for Emergent Communication and Coordination Kentaro Nomura 1, Tatsuya Aoki 1, Tadahiro Taniguchi2,3 and Takato Horii 1,4 Abstract— We propose a fully decentralized multi-agent world model that enables both symbol emergence for commu- nication and coordinated behavior through temporal extension of collective predictive coding. Claim: Using a two-agent trajectory drawing task, we demonstrate that our communication-based approach outperforms non-communicative models when agents have divergent perceptual capabilities, achieving the second-best… Supporting result: These findings demonstrate the effectiveness of decentralized communication for supporting coordination while developing shared representations of the environment.
audited	w_4dde14dbe58ab00c	Decoupling Dynamical Richness from Representation Learning: Towards Practical Measurement	EXCLUDE	explicit-claims-results	769	197	0	0	Title: Decoupling Dynamical Richness from Representation Learning: Towards Practical Measurement. Claim: We further use it to examine how training factors (e.g., learning rate) relate to richness, confirming recognized assumptions and highlighting new observations (e.g., batch… Supporting result: Greedy dynamics with low-rank biases (Saxe et al., 2014; Mixon et al., 2020) explains neural collapse (Papyan et al., 2020) in vision tasks; delayed saturation dynamics (Nam et al., 2024) has been linked to emergence (Brown et al., 2020) and scaling laws (Kaplan et al., 2020) in large language models; and initialization-dependent dynamics (Kumar et al., 2024; Kunin et al., 2024; Lyu et al., 2024) offers insights into grokking (Power et al., 2022) in arithmetic tasks.
audited	w_00352f2c07e55403	Deep Grokking: Would Deep Neural Networks Generalize Better?	EXCLUDE	explicit-claims-results	866	172	0	0	Title: Deep Grokking: Would Deep Neural Networks Generalize Better?. Claim: Grokking refers to a sharp rise of the network's generalization accuracy on the test set, which occurs long after an extended overfitting phase, during… Supporting result: To bridge the gap, we conduct the first inquiry of grokking on deep neural net- works (e.g. 12-layer MLPs) and investigate the correlation between evolution of internal feature representations and phase transitions during the training process. Claim: Recent research on the grokking phenomenon has illuminated the intricacies of neural networks' training dynamics and their generalization behaviors. Supporting result: When trained on various scales of training data, the trajectories of the weight-norms are largely overlapping while the feature-ranks exhibit significant differences indicating the phase transitions.
audited	w_811a8cd021958e82	Deep Networks Always Grok and Here is Why	INCLUDE	explicit-claims-results	1029	198	0	0	Title: Deep Networks Always Grok and Here is Why. Claim: A phase change in linear-region density precedes the behavioral transition. Supporting result: The internal phase change recurs across practical architectures and delayed-generalization/robustness controls; batch-normalization and initialization/regularization ablations delimit when the paired transition occurs. Claim: Training creates a robust partition with decision-boundary-concentrated linear regions. Supporting result: The learned arrangement differs from the initialized partition, is formally characterized through affine-spline regions, and constitutes the model's input-output map whose migration directly changes robustness and generalization. Claim: Training reorganizes the input-space partition before delayed generalization and robustness. Supporting result: Checkpointed local-complexity trajectories across MLPs, CNNs, ResNets, transformers, and datasets show nonlinear regions migrating from samples toward decision boundaries with the later behavior.
audited	w_3be7feda647d0399	Deficits in Prediction Ability Trigger Asymmetries in Behavior and Internal Representation	EXCLUDE	explicit-claims-results	621	135	0	0	Title: Deficits in Prediction Ability Trigger Asymmetries in Behavior and Internal Representation. Claim: Imbalance or aberrant precision of the two signals has been suggested as a potential cause for developmental disorders. Supporting result: Psychiatry 11:564415. doi: 10.3389/fpsyt.2020.564415 Deﬁcits in Prediction Ability Trigger Asymmetries in Behavior and Internal Representation Anja Philippsen * and Yukie Nagai International Research Center for Neurointelligence (IRCN) , The University of Tokyo, Tokyo, Japan Predictive coding is an emerging theoretical framework for explaining human perception and behavior.
audited	w_b0c3a03ae75a81b6	Different timescales of neural activities introduce different representations of task-relevant information	EXCLUDE	explicit-claims-results	437	80	0	0	Title: Different timescales of neural activities introduce different representations of task-relevant information. Claim: To test this, the model was trained to perform a context-dependent working memory task with a machine-learning technique. Supporting result: Especially, we hypothesized that neurons with varying timescales contribute distinctively to task performance by forming diverse representations of task-relevant information.
audited	w_a6027fec6ac3ab9a	Differential learning kinetics govern the transition from memorization to generalization during in-context learning	INCLUDE	explicit-claims-results	722	135	0	0	Title: Differential learning kinetics govern the transition from memorization to generalization during in-context learning. Claim: A sharp diversity threshold switches the active internal solution and behavior. Supporting result: Minimal-model theory predicts the threshold and bimodality; at least twenty and up to roughly 250 seeds per critical setting replicate the rapid switch and distributional controls move it as predicted. Claim: Task diversity controls whether independent memorization or in-context subcircuits dominate. Supporting result: Diversity, context length, initialization, regularization, and data-distribution series connect attention/MLP learning kinetics to the memorization-generalization outcome.
audited	w_c07a59665ec95bc8	Discovery of a Hematopoietic Manifold in scGPT Yields a Method for Extracting Performant Algorithms from Biological Foundation Model Internals	EXCLUDE	explicit-claims-results	2076	434	0	0	Title: Discovery of a Hematopoietic Manifold in scGPT Yields a Method for Extracting Performant Algorithms from Biological Foundation Model Internals. Claim: We report the discovery and extraction of a compact hematopoietic algorithm from the single-cell foundation model scGPT, to our knowledge the first biologically useful,… Supporting result: Sparse autoencoder decomposition of both models uncovered over 107,000 interpretable features organized into biological pathways, yet only 6.2% of transcription factors showed regulatory-target-specific responses, indicating minimal causal regulatory logic [26]. Claim: We show that scGPT internally encodes a compact hematopoietic manifold with significant developmental branch structure, validated on a strict non-overlap Tabula Sapiens external panel… Supporting result: The lung panel failure under the same gates demonstrates that high global correlation alone is insufficient—robust transfer requires trustworthiness and clade holdout controls. Claim: Discovery of a Hematopoietic Manifold in scGPT Yields a Method for Extracting Performant Algorithms from Biological Foundation Model Internals. Supporting result: Our approach connects to the rich tradition of geometric manifold learning [ 57, 50, 8, 36, 38] and trajectory inference in single-cell biology [ 60, 46, 19, 53, 69, 51], including RNA velocity approaches [28, 4], single-cell data integration methods [ 54, 27, 34], and reference-atlas transfer learning [ 32]. Claim: We show that scGPT internally encodes a compact hematopoietic manifold with significant developmental branch structure, validated on a strict non-overlap Tabula Sapiens external panel… Supporting result: Phase 1: Broad hypothesis search.The loop explored a large space of candidate manifold hypotheses by systematically varying biological targets (developmental ordering, regulatory struc- ture, communication geometry), featurization strategies (attention drift, raw embeddings, mixed operators), and geometric fitting methods (Isomap, geodesic-MDS, LET) across the scGPT attention tensor.
audited	w_8af770f5f86d5ac0	Distinct mechanisms underlying in-context learning in transformers	INCLUDE	explicit-claims-results	1145	207	0	0	Title: Distinct mechanisms underlying in-context learning in transformers. Claim: Minimal models isolate the key features of both motifs. Supporting result: These results together with the readouts in Figure 2b-c allow us to identify four sparse circuits that emulate each of the four Bayes predictors. Claim: Sharp phase boundaries separate the learned ICL algorithms. Supporting result: Rapid internal circuit changes coincide with behavioral switches and are reproduced by minimal models, theory, and broad multi-seed sweeps around the boundaries. Claim: Transformers discover multiple formally distinct in-context algorithms. Supporting result: The subcircuits are learned rather than assigned, their forward computations are explicitly characterized, and targeted mechanistic tests link each algorithm to its corresponding generalizing behavior. Claim: Task diversity and training time select qualitatively distinct ICL mechanisms. Supporting result: Controlled diversity and checkpoint series move the model through memorizing and multiple generalizing attention/MLP algorithms, paired with in-context behavior across many initializations.
audited	w_fc836b91e5d6562b	Early-Warning Signals of Grokking via Loss-Landscape Geometry	EXCLUDE	explicit-claims-results	3349	751	1	0	Title: Early-Warning Signals of Grokking via Loss-Landscape Geometry. Claim: Grokking -- the abrupt transition from memorization to generalization after prolonged training -- has been linked to confinement on low-dimensional execution manifolds in modular… Supporting result: 3.PC1 dissociation.Weight-space PC1 de-concentration precedes grokking on Dyck (as in modular arithmetic) butfollowsgrokking on SCAN, demonstrating that the commutator defect is a more universal signal than spectral concentration. 4.Integrability decomposition.A three-basis analysis (Weight SVD, ∆WSVD, Gradient SVD) shows that the defect spike reflects structured non-commutativity aligned with the learning subspace (exec/random ratio 2–3×), specific to the grokking regime. 5.Causal evidence.On both SCAN and Dyck, perturbations that amplify the commutator accelerate grokking (∼32% on SCAN,∼50% on Dyck); perturbations that suppress orthogonal gradient flow delay or prevent it. Claim: Grokking -- the abrupt transition from memorization to generalization after prolonged training -- has been linked to confinement on low-dimensional execution manifolds in modular… Supporting result: Early-Warning Signals of Grokking via Loss-Landscape Geometry Yongzhong Xu∗ Abstract Grokking refers to the phenomenon in which neural networks abruptly transition from mem- orization to generalization after extended training. Claim: We study two sequence-learning benchmarks: SCAN compositional generalization and Dyck-1 depth prediction. Supporting result: This three-way pattern suggests that the causal role of curvature depends on the complexity and accessibility of the generalizing solution: •Modular arithmetic: grokking requires specific Fourier-basis circuits [Nanda et al., 2023] that cannot be shortcut by brute-force curvature injection. •SCAN: compositional generalization requires coordination between encoder and decoder; mild curvature exploration helps, but large perturbations disrupt the encoder–decoder align- ment. •Dyck: the counting mechanism is simpler and more directly accessible via curvature-mediated exploration, so even aggressive boosting helps. Claim: Early-Warning Signals of Grokking via Loss-Landscape Geometry. Supporting result: 3.PC1 dissociation.Weight-space PC1 de-concentration precedes grokking on Dyck (as in modular arithmetic) butfollowsgrokking on SCAN, demonstrating that the commutator defect is a more universal signal than spectral concentration. 4.Integrability decomposition.A three-basis analysis (Weight SVD, ∆WSVD, Gradient SVD) shows that the defect spike reflects structured non-commutativity aligned with the learning subspace (exec/random ratio 2–3×), specific to the grokking regime. 5.Causal evidence.On both SCAN and Dyck, perturbations that amplify the commutator accelerate grokking (∼32% on SCAN,∼50% on Dyck); perturbations that suppress orthogonal gradient flow delay or prevent it. Claim: Grokking -- the abrupt transition from memorization to generalization after prolonged training -- has been linked to confinement on low-dimensional execution manifolds in modular… Supporting result: Early-Warning Signals of Grokking via Loss-Landscape Geometry Yongzhong Xu∗ Abstract Grokking refers to the phenomenon in which neural networks abruptly transition from mem- orization to generalization after extended training.
audited	w_848983c423304f71	Emergence and Effectiveness of Task Vectors in In-Context Learning: An Encoder Decoder Perspective	INCLUDE	explicit-claims-results	636	124	0	0	Title: Emergence and Effectiveness of Task Vectors in In-Context Learning: An Encoder Decoder Perspective. Claim: Transformers encode latent tasks into distinct representations used by conditional decoders. Supporting result: A compact task vector replaces demonstrations as the task summary; ablation, prompting, and early-layer finetuning alter both task decodability and ICL performance. Claim: Task encoding and conditional decoding emerge together during training. Supporting result: Training checkpoints, OLMo pretraining checkpoints, and five model scales link separable task encodings to ICL performance and algorithm switching.
audited	w_3e38a37eef49442d	Emergence and Evolution of Interpretable Concepts in Diffusion Models	EXCLUDE	explicit-claims-results	736	148	0	0	Title: Emergence and Evolution of Interpretable Concepts in Diffusion Models. Claim: Mechanistic interpretability techniques, such as Sparse Autoencoders (SAEs), have been successful in understanding and steering the behavior of large language models at scale. Supporting result: Exploring low-dimensional subspaces in diffusion models for controllable image editing, 2024. Claim: Mechanistic interpretability techniques, such as Sparse Autoencoders (SAEs), have been successful in understanding and steering the behavior of large language models at scale. Supporting result: Recently, sparse autoencoders have emerged within MI as powerful tools to discover highly interpretable features (or concepts) within large models at scale [6].
audited	w_a68de8b27948098c	Emergence and Function of Abstract Representations in Self-Supervised Transformers	INCLUDE	explicit-claims-results	850	144	0	0	Title: Emergence and Function of Abstract Representations in Self-Supervised Transformers. Claim: Semantic features converge onto low-dimensional manifolds. Supporting result: The learned manifold selectively encodes the dataset hierarchy, and gain-of-function manipulations show that retaining this abstraction changes reconstruction decisions. Claim: Self-supervised transformers form an abstract world model. Supporting result: Masked reconstruction without abstraction labels produces a formally measured compositional manifold; causal gain-of-function tests establish that the model uses it. Claim: This promising development raises the intriguing possibility of such models developing in silico abstract world models. Supporting result: EMERGENCE AND FUNCTION OF ABSTRACT REPRESENTATIONS IN SELF -SUPERVISED TRANSFORMERS A PREPRINT Quentin RV .
audited	w_982bda5c1d37d537	Emergence and Localisation of Semantic Role Circuits in LLMs	EXCLUDE	explicit-claims-results	2450	553	1	0	Title: Emergence and Localisation of Semantic Role Circuits in LLMs. Claim: We propose a method integrating role-cross minimal pairs, temporal emergence analysis, and cross-model comparison to study how LLMs implement semantic roles. Supporting result: Parallel work on feature disentanglement uses Sparse Autoen- coders (Templeton et al., 2024; Bricken et al., 2023) and transcoders (Dunefsky et al., 2024), but they are surrogate-based approaches that introduce re- construction errors and do not guarantee causal ne- cessity (Gao et al., 2025; Kantamneni et al., 2025). Claim: Our analysis uncovers: (i) highly concentrated circuits (89-94% attribution within 28 nodes); (ii) gradual structural refinement rather than phase transitions, with larger models sometimes… Supporting result: To investigate whether and how LLMs develop causally functional representations of semantic roles, we introduce a causal-temporal methodology combining contrastive minimal pairs, edge- attribution circuit discovery, and training-time tracking. Claim: These findings suggest that LLMs form compact, causally isolated mechanisms for abstract semantic structure, and these mechanisms exhibit partial transfer across scales and architectures. Supporting result: These findings suggest that LLMs form com- pact, causally isolated mechanisms for abstract semantic structure that exhibit partial transfer across scales and architectures. 1 Introduction Do LLMs develop abstract, causally functional representations of semantic structure?Large language models (LLMs) exhibit localised circuits for factual recall (Goldowsky-Dill et al., 2023a; Meng et al., 2022), arithmetic (Conmy et al., 2023; Stolfo et al., 2023), and logical reasoning (Kim et al., 2025). Claim: Our analysis uncovers: (i) highly concentrated circuits (89-94% attribution within 28 nodes); (ii) gradual structural refinement rather than phase transitions, with larger models sometimes… Supporting result: These findings suggest that LLMs form com- pact, causally isolated mechanisms for abstract semantic structure that exhibit partial transfer across scales and architectures. 1 Introduction Do LLMs develop abstract, causally functional representations of semantic structure?Large language models (LLMs) exhibit localised circuits for factual recall (Goldowsky-Dill et al., 2023a; Meng et al., 2022), arithmetic (Conmy et al., 2023; Stolfo et al., 2023), and logical reasoning (Kim et al., 2025).
audited	w_13098e9f9412a76e	Emergence and reconfiguration of modular structure for artificial neural networks during continual familiarity detection	EXCLUDE	explicit-claims-results+abstract-fallback	1220	211	0	0	Title: Emergence and reconfiguration of modular structure for artificial neural networks during continual familiarity detection. Abstract fallback: Advances in artificial intelligence enable neural networks to learn a wide variety of tasks, yet our understanding of the learning dynamics of these networks remains limited. Here, we study the temporal dynamics during learning of Hebbian feedforward neural networks in tasks of continual familiarity detection. Drawing inspiration from network neuroscience, we examine the network's dynamic reconfiguration, focusing on how network modules evolve throughout learning. Through a comprehensive assessment involving metrics like network accuracy, modular flexibility, and distribution entropy across diverse learning modes, our approach reveals various previously unknown patterns of network reconfiguration. We find that the emergence of network modularity is a salient predictor of performance and that modularization strengthens with increasing flexibility throughout learning. These insights not only elucidate the nuanced interplay of network modularity, accuracy, and learning dynamics but also bridge our understanding of learning in artificial and biological agents.
audited	w_44f0475d18d1ae59	Emergence of Abstract State Representations in Embodied Sequence Modeling	EXCLUDE	explicit-claims-results	767	144	0	0	"Title: Emergence of Abstract State Representations in Embodied Sequence Modeling. Claim: Emergence of Abstract State Representations in Embodied Sequence Modeling. Supporting result: In order to investigate the emergence of abstract state representations, we design a “blindfolded” navigation task, where only the initial environmental layout, the lan- guage instruction, and the action sequence to complete the task are available for training. Claim: In order to investigate the emergence of abstract state representations, we design a ""blindfolded"" navigation task, where only the initial environmental layout, the language… Supporting result: Emergence of Abstract State Representations in Embodied Sequence Modeling Tian Yun♠∗ Zilai Zeng♠∗ Kunal Handa♠ Ashish V ."
audited	w_78fdd214482004dc	Emergence of Complex Computational Structures From Chaotic Neural Networks Through Reward-Modulated Hebbian Learning	EXCLUDE	explicit-claims-results	316	60	0	0	Title: Emergence of Complex Computational Structures From Chaotic Neural Networks Through Reward-Modulated Hebbian Learning. Claim: Altogether, our results suggest that reward-modulated synaptic plasticity can not only optimize the network parameters for specific computational tasks, but also initiate a functional…
audited	w_bc4f45853b89dbdc	Emergence of Computational Structure in a Neural Network Physics Simulator	EXCLUDE	explicit-claims-results	1600	321	0	0	Title: Emergence of Computational Structure in a Neural Network Physics Simulator. Claim: In this paper we investigate the emergence of computational structure in a transformer-like model trained to simulate the physics of a particle system, where… Supporting result: In this paper we investigate the emergence of computa- tional structure in a transformer-like model trained to simulate the physics of a particle system, where the transformer’s attention mechanism is used to transfer information between particles. Claim: We show that (a) structures emerge in the attention heads of the transformer which learn to detect particle collisions, (b) the emergence of these… Supporting result: (2024) the emergence of certain circuits in language models is shown to coincide with changes in the local geometry of the loss landscape as measured by the LLC. 1.1.2 S TATISTICAL MECHANICS AS A FRAMEWORK FOR UNDERSTANDING LEARNING Statistical mechanics has been used as a theoretical framework to understand statistical inference and learning; see for example the reviews and textbooks Nishimori (2001); Mezard & Montanari (2009); Zdeborov´a & Krzakala (2016); Bahri et al. Claim: In this paper we investigate the emergence of computational structure in a transformer-like model trained to simulate the physics of a particle system, where… Supporting result: In this paper we investigate the emergence of computa- tional structure in a transformer-like model trained to simulate the physics of a particle system, where the transformer’s attention mechanism is used to transfer information between particles.
audited	w_8d615b510d4fdfec	Emergence Of Emotion Selectivity in A Deep Neural Network Trained to Recognize Visual Objects	EXCLUDE	explicit-claims-results	584	114	0	0	Title: Emergence Of Emotion Selectivity in A Deep Neural Network Trained to Recognize Visual Objects. Claim: Emergence Of Emotion Selectivity in A Deep Neural Network Trained to Recognize Visual Objects. Supporting result: First, to examine whether emotional selectivity emerges in neurons trained to recognize non-emotional objects, we took the VGG-16 model pre- trained on 1.2 million natural images from the ImageNet, presented a ffective pictures from the two aforementioned affective picture datasets to the model, and analyzed the activation profiles of neurons from each layer.
audited	w_a87063a6344e999f	Emergence of Episodic Memory in Transformers: Characterizing Changes in Temporal Structure of Attention Scores During Training	EXCLUDE	explicit-claims-results	656	127	0	0	Title: Emergence of Episodic Memory in Transformers: Characterizing Changes in Temporal Structure of Attention Scores During Training. Claim: Emergence of Episodic Memory in Transformers: Characterizing Changes in Temporal Structure of Attention Scores During Training. Supporting result: Emergence of Episodic Memory in Transformers: Characterizing Changes in Temporal Structure of Attention Scores During Training Deven Mahesh Mistry, Anooshka Bajaj, Yash Aggarwal, Sahaj Singh Maini, Zoran Tiganj Department of Computer Science Indiana University Bloomington Abstract We investigate in-context temporal biases in attention heads and transformer outputs.
audited	w_a6ec62ef7863cd72	Emergence of Foveal Image Sampling from Learning to Attend in Visual Scenes	INCLUDE	explicit-claims-results	1067	230	0	0	Title: Emergence of Foveal Image Sampling from Learning to Attend in Visual Scenes. Claim: A learned 12-by-12 retinal lattice compresses a 100-by-100 visual scene by allocating high resolution only where it is useful. Supporting result: The learnable lattice selects a small differentiable glimpse and reallocates resolution; fixing the lattice worsens error from 5.1% to 11.8% on fixed-size digits and from 24.4% to 31.9% on variable-size digits. Claim: The learned sampling strategy transfers across variable object sizes and visual conditions. Supporting result: The second dataset varies digit size and clutter within the same MNIST visual-search task. Claim: A foveated, eccentricity-dependent sampling geometry emerges from an initially uniform lattice without directly prescribing foveation. Supporting result: The Gaussian-kernel lattice smoothly changes from a uniform grid into a formal eccentricity-dependent geometry; allowing zoom suppresses the geometry, while a fixed-lattice control degrades behavior, tying the learned representation to its function.
audited	w_fa8cd24377d5c54b	Emergence of Frontier Superposition: Möbius attractor and Cascade Supervision	EXCLUDE	explicit-claims-results	1524	351	0	0	"Title: Emergence of Frontier Superposition: Möbius attractor and Cascade Supervision. Claim: Architecturally, we identify a M\""obius attractor: under $S_n$-symmetry in the tree regime, layerwise dynamics reduce to a 1D M\""obius map whose zero set is… Supporting result: Emergence of Frontier Superposition: Möbius attractor and Cascade Supervision Hongyu Gu University of Science and Technology of China ustc_23ghy@mail.ustc.edu.cn Jingwen Fu∗ Zhongguancun Academy Beijing, China jwfu99@gmail.com Abstract Superpositionis a class of hidden-state representations that lets a Transformer reason indepth: instead of unrolling a reasoning trajectory into a long serial chain of chain-of-thought tokens, an entire reasoning frontier is carried in parallel through one bounded-depth forward pass. Claim: Superposition allows Transformers to reason in depth, carrying an entire reasoning frontier in parallel through a bounded-depth forward pass instead of unrolling serial chain-of-thought… Supporting result: Emergence of Frontier Superposition: Möbius attractor and Cascade Supervision Hongyu Gu University of Science and Technology of China ustc_23ghy@mail.ustc.edu.cn Jingwen Fu∗ Zhongguancun Academy Beijing, China jwfu99@gmail.com Abstract Superpositionis a class of hidden-state representations that lets a Transformer reason indepth: instead of unrolling a reasoning trajectory into a long serial chain of chain-of-thought tokens, an entire reasoning frontier is carried in parallel through one bounded-depth forward pass."
audited	w_ab07437d78318352	Emergence of functional and structural properties of the head direction system by optimization of recurrent neural networks	INCLUDE	explicit-claims-results	787	137	0	0	Title: Emergence of functional and structural properties of the head direction system by optimization of recurrent neural networks. Claim: Unconstrained recurrent training produces Compass and Shifter cell classes with structured connectivity. Supporting result: No ring or shifter organization is wired into the RNN; tuning and connectivity formally characterize the learned circuit, and class-specific connection lesions selectively abolish heading maintenance or clockwise/counterclockwise updating. Claim: Input motion statistics reorganize the learned head-direction circuit. Supporting result: Low, medium, and high angular-velocity training distributions change the Compass/Shifter allocation and tuning while preserving integration behavior across independently trained networks.
audited	w_b16a0b414fee96f6	Emergence of Functional Hierarchy in a Multiple Timescale Neural Network Model: A Humanoid Robot Experiment	EXCLUDE	explicit-claims-results+abstract-fallback	2161	379	0	0	"Title: Emergence of Functional Hierarchy in a Multiple Timescale Neural Network Model: A Humanoid Robot Experiment. Abstract fallback: It is generally thought that skilled behavior in human beings results from a functional hierarchy of the motor control system, within which reusable motor primitives are flexibly integrated into various sensori-motor sequence patterns. The underlying neural mechanisms governing the way in which continuous sensori-motor flows are segmented into primitives and the way in which series of primitives are integrated into various behavior sequences have, however, not yet been clarified. In earlier studies, this functional hierarchy has been realized through the use of explicit hierarchical structure, with local modules representing motor primitives in the lower level and a higher module representing sequences of primitives switched via additional mechanisms such as gate-selecting. When sequences contain similarities and overlap, however, a conflict arises in such earlier models between generalization and segmentation, induced by this separated modular structure. To address this issue, we propose a different type of neural network model. The current model neither makes use of separate local modules to represent primitives nor introduces explicit hierarchical structure. Rather than forcing architectural hierarchy onto the system, functional hierarchy emerges through a form of self-organization that is based on two distinct types of neurons, each with different time properties (""multiple timescales""). Through the introduction of multiple timescales, continuous sequences of behavior are segmented into reusable primitives, and the primitives, in turn, are flexibly integrated into novel sequences. In experiments, the proposed network model, coordinating the physical body of a humanoid robot through high-dimensional sensori-motor control, also successfully situated itself within a physical environment. Our results suggest that it is not only the spatial connections between neurons but also the timescales of neural activity that act as important mechanisms leading to functional hierarchy in neural systems."
audited	w_f1324a7120d5d1bd	Emergence of grid-like representations by training recurrent neural networks to perform spatial localization	EXCLUDE	explicit-claims-results	422	74	0	0	Title: Emergence of grid-like representations by training recurrent neural networks to perform spatial localization. Claim: Emergence of grid-like representations by training recurrent neural networks to perform spatial localization. Supporting result: Published as a conference paper at ICLR 2018 EMERGENCE OF GRID -LIKE REPRESENTATIONS BY TRAINING RECURRENT NEURAL NETWORKS TO PERFORM SPATIAL LOCALIZATION Christopher J.
audited	w_4fb0e43097e56826	Emergence of Hierarchical Emotion Organization in Large Language Models	EXCLUDE	explicit-claims-results	1400	272	0	0	Title: Emergence of Hierarchical Emotion Organization in Large Language Models. Claim: As large language models (LLMs) increasingly power conversational agents, understanding how they model users' emotional states is critical for ethical deployment. Supporting result: The grouping of emotions by LLMs aligns closely with well-established psychological frameworks, as indicated by the consistent color patterns for emotions with shared parent nodes. 1.5 8 80 405 Model parameters (threshold billion) 0 25 50 75 100 125 150T otal path length 0.0 0.5 1.0 1.5 Average depth Figure 4.Larger models capture richer and more complex internal emotion organization.As model size increases, both the total path length (blue) and the average depth (pink) of the emotion hierarchy grow, indicating that larger models develop more complex and nuanced organization of emotional hierarchies. 20 distinct paragraph-long scenarios that imply the emotion without explicitly naming it. Claim: We find that LLMs naturally form hierarchical emotion trees that align with human psychological models, and larger models develop more complex hierarchies. Supporting result: Overall, we make the following contributions in this work. • Hierarchical emotion organizations emerge with scale.We develop a novel tree-construction algorithm inspired by emotion wheels (Shaver et al., 1987) to uncover how LLMs understands emotions.
audited	w_aaa017a83700f80c	Emergence of Invariance and Disentanglement in Deep Representations	INCLUDE	explicit-claims-results	1897	362	0	0	Title: Emergence of Invariance and Disentanglement in Deep Representations. Claim: A minimal sufficient representation is maximally invariant to nuisances. Supporting result: Information-theoretic results prove selective retention of label information while discarding nuisance information, and CIFAR experiments connect the bound to generalization. Claim: Information regularization predicts a sharp transition near the critical value beta equals one. Supporting result: Random-label controls and multiple CNN architectures reproduce the predicted information/accuracy boundary; real-label curves provide the task-relevance control. Claim: The theory also enables predicting sharp phase transitions between underfitting and overfitting random labels at precise information values, and sheds light on the relation… Supporting result: The theory enables us to quantify and predict sharp phase transitions be- tween underﬁtting and overﬁtting of random labels when using our regularized loss, which we verify in experiments, and sheds light on the relation between the geometry of the loss function, invariance properties of the learned representation, and generalization error. Claim: Using established principles from Information Theory and Statistics, we show that in a deep neural network invariance to nuisance factors is equivalent to information… Supporting result: The theory we develop could be used to explain the phenomena described in small-scale experiments in Shwartz-Ziv and Tishby (2017), whereby the initial fast convergence of SGD is related to suﬃciency of the representation, while the later asymptotic phase is related to compression of the activations: While SGD is seemingly agnostic to the property of the learned representation, we show that it does minimize the information in the weights, from which the compression of the activations follows as a corollary of our bounds.
audited	w_ef661d9c28381b11	Emergence of Minimal Circuits for Indirect Object Identification in Attention-Only Transformers	EXCLUDE	explicit-claims-results	1649	370	0	0	Title: Emergence of Minimal Circuits for Indirect Object Identification in Attention-Only Transformers. Claim: Emergence of Minimal Circuits for Indirect Object Identification in Attention-Only Transformers. Supporting result: These results demonstrate that task- specific training induces highly interpretable, minimal circuits, offering a controlled testbed for probing the computational foundations of transformer reasoning. 1 Introduction Large Language Models (LLMs) have achieved remarkable success across a vast range of natural language processing tasks (DeepSeek-AI, 2025; Liu et al., 2026; OpenAI, 2026; Team, 2025, 2024; Yang et al., 2025). Claim: In this work, we train small, attention-only transformers from scratch on a symbolic version of the Indirect Object Identification (IOI) task, a benchmark for… Supporting result: To navigate this complexity, researchers often start with simplified or “toy” models as controlled environments for developing and validating inter- pretability tools (Chughtai et al., 2023; Elhage et al., 2022; Furuta et al., 2024; Geva et al., 2021; Heimersheim and Janiak, 2023; Nanda et al., 2023). Claim: In this work, we train small, attention-only transformers from scratch on a symbolic version of the Indirect Object Identification (IOI) task, a benchmark for… Supporting result: Emergence of Minimal Circuits for Indirect Object Identification in Attention-Only Transformers Rabin Adhikari Saarland University 66123 Saarbrücken raad00002@stud.uni-saarland.de Abstract Mechanistic interpretability aims to reverse- engineer large language models (LLMs) into human-understandable computational circuits.
audited	w_4ae4e61584b523a8	Emergence of Network Motifs in Deep Neural Networks	EXCLUDE	explicit-claims-results	243	45	0	0	Title: Emergence of Network Motifs in Deep Neural Networks. Claim: Overall, our results suggest that non-trivial initialization strategies can make learning more effective by promoting the development of useful network motifs, which are often…
audited	w_b2e7ff70b4aa448d	Emergence of prefrontal neuron maturation properties by training recurrent neural networks in cognitive tasks	EXCLUDE	explicit-claims-results	502	100	0	0	Title: Emergence of prefrontal neuron maturation properties by training recurrent neural networks in cognitive tasks. Claim: Emergence of prefrontal neuron maturation properties by training recurrent neural networks in cognitive tasks. Supporting result: However, some differences were also present; transient stimulus representation in the delay interval also emerged in the mature RNN (see Fig. 5E, right panel), in agreement with previous studies 45, although this was absent in the PFC neural data.
audited	w_28a1f31e8ca599b0	Emergence of slow ramping prior to spontaneous decision states in a brain-constrained neural network model	EXCLUDE	explicit-claims-results	445	85	0	0	Title: Emergence of slow ramping prior to spontaneous decision states in a brain-constrained neural network model. Claim: The latter holds that it is pre-decisional, emerging because a commitment is made only after activity reaches a threshold. Claim: The network was trained using neurobiologically realistic learning mechanisms to induce formation of distributed perception-action circuits; the spontaneous ignition of such cell assembly (CA)…
audited	w_fb96317e98530db8	Emergence of Superposition: Unveiling the Training Dynamics of Chain of Continuous Thought	EXCLUDE	explicit-claims-results	613	129	0	0	Title: Emergence of Superposition: Unveiling the Training Dynamics of Chain of Continuous Thought. Claim: Emergence of Superposition: Unveiling the Training Dynamics of Chain of Continuous Thought. Supporting result: To fill this gap, we theoretically analyze the training dynamics of a simplified two-layer transformer on the directed graph reachability problem to unveil how the superposition mechanism emerges during training in two training stages – (i) athought-generationstage that autoregressively expands the contin- uous thought, and (ii) apredictionstage that converts the thought into the final answer.
audited	w_6b6ef9dd4b6a2923	Emergence of V1 connectivity pattern and Hebbian rule in a performance-optimized artificial neural network	EXCLUDE	explicit-claims-results	292	66	0	0	Title: Emergence of V1 connectivity pattern and Hebbian rule in a performance-optimized artificial neural network. Claim: To test this idea, we added recurrent connections within the first convolutional layer in a standard convolutional neural network, mimicking the recurrent connections in…
audited	w_17af690426c77e5f	Emergent Analogical Reasoning in Transformers	EXCLUDE	explicit-claims-results	745	155	0	0	Title: Emergent Analogical Reasoning in Transformers. Claim: These mechanisms enable models to transfer relational structure from one category to another, realizing analogy. Supporting result: These mechanisms en- able models to transfer relational structure from one category to another, realizing analogy. Claim: We find that the emergence of analogical reasoning is highly sensitive to data characteristics, optimization choices, and model scale. Supporting result: The mechanisms underlying this form of reasoning have been widely studied, including its emergence during training (He et al., 2024), its dependence on data structure (Wang et al., 2024; Schug et al., 2025) and its scaling behavior (Petty et al., 2024; Redhardt et al., 2025).
audited	w_4dbf08f598cd567b	Emergent behavior and neural dynamics in artificial agents tracking turbulent plumes	EXCLUDE	explicit-claims-results	890	172	0	0	Title: Emergent behavior and neural dynamics in artificial agents tracking turbulent plumes. Claim: At the level of neural dynamics, the RNNs' population activity is low-dimensional and organized into distinct dynamical structures, with some correspondence to behavioral modules. Supporting result: Rapp and Nawrot [2020] used a biologically detailed spik- ing neural circuit model of a fly mushroom body to study sensory processing, learning, and motor control in flying insects when foraging within turbulent odor plumes. Claim: Here, we take a complementary in silico approach, using artificial agents trained with reinforcement learning to develop an integrated understanding of the behaviors and… Supporting result: Exciting alternative approaches have been developed using virtual reality [Kaushik et al., 2020] and kilometer-scale outdoor dispersal experiments [Leitch et al., 2020].
audited	w_784ebe5b0f073f56	Emergent behaviour and neural dynamics in artificial agents tracking odour plumes	EXCLUDE	explicit-claims-results	406	84	0	0	Title: Emergent behaviour and neural dynamics in artificial agents tracking odour plumes. Claim: In a deep reinforcement learning approach, artificial agents are trained to produce (in silico) trajectories to localize the source of an odour plume, showing… Supporting result: Exciting alternative approaches have been developed using virtual reality11 and kilometre-scale outdoor disper- sal experiments12.
audited	w_7209270e01aef2a8	Emergent Capabilities Arise Randomly from Learning Sparse Attention Patterns	INCLUDE	explicit-claims-results	1316	237	0	0	Title: Emergent Capabilities Arise Randomly from Learning Sparse Attention Patterns. Claim: Emergent Capabilities Arise Randomly from Learning Sparse Attention Patterns. Supporting result: Emergent Capabilities Arise Randomly from Learning Sparse Attention Patterns Vatsal Baherwani New York University vatsalbaherwani@nyu.edu Zixi Chen New York University Shikai Qiu New York University Andrew Gordon Wilson New York University Pavel Izmailov New York University Abstract Neural scaling laws for transformer language models predict smooth improvements in pretraining loss with increasing parameters, but downstream capabilities such as in-context learning are known to emerge abruptly past a certain model scale. Claim: A sparse-attention organizational transition coincides with abrupt capability acquisition. Supporting result: The rapid transition replicates across scale and seeds; transplanting post-emergence attention into pre-emergence checkpoints recovers behavior while matched synthetic controls delimit alternatives. Claim: Capability onset follows the training- and scale-dependent appearance of sparse attention patterns. Supporting result: Five Pythia scales, training checkpoints, context-sparsity and head-count controls, and ten seeds per setting connect learned sparse attention to task accuracy.
audited	w_76ba52abd948ee75	Emergent Communication via Causal Temporal Graph Networks: A Novel Framework for Decentralized Multi-Robot Coordination Without Explicit Message Passing	EXCLUDE	explicit-claims-results	1252	215	0	0	Title: Emergent Communication via Causal Temporal Graph Networks: A Novel Framework for Decentralized Multi-Robot Coordination Without Explicit Message Passing. Claim: Learned causal structures remain robust when robot teams expand or contract, exhibiting 89 percent transfer performance to unseen team configurations [6]. Supporting result: Learned causal structures remain robust when robot teams expand or contract, exhibiting 89 percent transfer performance to unseen team con gurations [6]. Claim: Abstract Autonomous multi-robot systems must coordinate their behaviors to accomplish shared objectives without centralized orchestration [1]. Supporting result: Our key contribution is demonstrating that robots can implicitly coordinate by learning interpretable causal models [4], reducing communication requirements by 67 percent compared to message-passing baselines. Claim: This work establishes a bridge between multi-agent reinforcement learning [7], causal inference [8], and robot coordination [9], introducing a new research direction where autonomous… Supporting result: This work proposes CausalTGN, a novel framework that discovers emergent communication protocols through learning latent causal mechanisms governing robot interactions.
audited	w_65f428d0eb05342f	Emergent Depthwise Activation Structure in Transformer Language Models The Hau Curve and Its Early-Training Attractor Pattern	EXCLUDE	explicit-claims-results	1135	234	0	0	Title: Emergent Depthwise Activation Structure in Transformer Language Models The Hau Curve and Its Early-Training Attractor Pattern. Claim: Notably, the effect is weak or inconsistent in architectures with fewer than ∼20-24 transformer blocks, and stabilizes in models with ≥30-32 blocks, indicating a… Supporting result: At the same time, more abrupt transitions have been observed, such as sudden jumps in capability (e.g. the “grokking” phenomenon where generalization appears after prolonged training) or the formation of specific circuits (like induction heads) at certain scales. Claim: Emergent Depthwise Activation Structure in Transformer Language Models The Hau Curve and Its Early-Training Attractor Pattern. Supporting result: Emergent Depthwise Activation Structure in Decoder-Only Transformer Language Models: The Hau Curve and Its Early-Training Convergence Pattern Adrian Hau∗ Arca Futura LLC July 6, 2026 Abstract Decoder-only transformer language models (LLMs) exhibit a highly regular internal organization in how com- putation is allocated across depth, across the model families, checkpoints, and scales examined.
audited	w_dcf16633f7a33b13	Emergent Entrainment and Predictive Dynamics in Bio-Inspired Spiking Neural Networks	EXCLUDE	explicit-claims-results	446	90	0	0	Title: Emergent Entrainment and Predictive Dynamics in Bio-Inspired Spiking Neural Networks. Claim: Utilizing a recurrent SNN architecture trained on an auditory entrainment task, we characterize the network’s latent dynamics through the analysis of firing rates and… Supporting result: We propose a physiologically grounded spiking neural network (SNN) framework to investigate the emergent representation and interpretation of auditory rhythms.
audited	w_4ea8cb6a3b5fed46	Emergent Generalization by Representation Learning in Artificial Neural Networks	INCLUDE	explicit-claims-results	1887	356	0	0	Title: Emergent Generalization by Representation Learning in Artificial Neural Networks. Claim: A learned information bottleneck retains the task structure needed for generalization. Supporting result: The bottleneck representation is lower-dimensional than the input, selectively preserves rotation-relevant information, and its causal-emergence score predicts and mediates robust held-out performance. Claim: We show that an explicit information bottleneck forcing a recurrent neural network to learn a low-dimensional representation is necessary for rotational and out-of-distribution generalisation… Supporting result: We show that by learning an overcomplete low-dimensional representation at the bottleneck layer, the network can generalise both to random orthogonal projections of the trained latent dynamical systems as well as to held-out dynamical systems that are out of distribution from the training data. Claim: Dimensionality reduction has proven powerful for identifying neural manifolds, which are low-dimensional structures underlying high-dimensional neural activity. Supporting result: Emergent Generalization by Representation Learning in Artificial Neural Networks Hardik Rajpal1,2,* and Dan Goodman2 1I-X Centre for AI in Science, Imperial College London, W12 0BZ, UK 2Department of Electrical and Electronic Engineering, Imperial College London, SW7 2AZ, UK *h.rajpal15@imperial.ac.uk ABSTRACT Dimensionality reduction has proven powerful for identifying neural manifolds, which are low-dimensional structures underlying high-dimensional neural activity. Claim: Representation learning undergoes a control-dependent emergence trajectory. Supporting result: Training time, bottleneck size, task complexity, and data controls move the hidden representation between memorizing and rotation-structured regimes while changing held-out and out-of-distribution behavior.
audited	w_f0e2a64299044bb4	Emergent Latent-State Computation under Stochastic Volatility	EXCLUDE	explicit-claims-results	584	117	0	0	Title: Emergent Latent-State Computation under Stochastic Volatility. Claim: Output-head replacement further shows that part of the degradation under noisy MSE training arises from readout misalignment rather than representation failure. Supporting result: Emergent Latent-State Computation under Stochastic Volatility Xiaoyu Huang1 Department of Mathematics Temple University Philadelphia, PA, USA Lulu Wang2,∗ Department of Data Analytics Dickinson College Carlisle, PA, USA Abstract Mechanistic interpretability has largely focused on language models and deter- ministic toy tasks.
audited	w_03d844719fb9df34	Emergent Lexical Synthesis Through Contextual Feedback Mechanisms in Large Language Models	EXCLUDE	explicit-claims-results	1679	299	0	0	Title: Emergent Lexical Synthesis Through Contextual Feedback Mechanisms in Large Language Models. Claim: The framework maintains practical feasibility through computational optimizations, ensuring that feedback integration imposes minimal resource demands while delivering measurable gains. Supporting result: Contextual Feedback Mechanisms (CFMs) introduce internal feedback loops that recondition latent representations dynamically during run- time, allowing large language models to adjust predictions iteratively without requiring architectural retraining. Claim: Experimental benchmarks further highlight the scalability of CFMs, with latency overhead remaining within acceptable thresholds across varying batch sizes and input lengths. Supporting result: Contextual Feedback Mechanisms (CFMs) introduce internal feedback loops that recondition latent representations dynamically during run- time, allowing large language models to adjust predictions iteratively without requiring architectural retraining. Claim: Empirical evaluations across multiple large-scale datasets, including WikiText-103, BookCorpus, and Reddit Corpus, demonstrate a marked reduction in perplexity and token repetition, particularly for extended… Supporting result: Emergent Lexical Synthesis Through Contextual Feedback Mechanisms in Large Language Models Vadim Zakiev∗, Emilia Cumberledge, Clarimond Ravenscroft, Ottilie Chomondeley Abstract Adaptive mechanisms capable of refining intermediate latent states during text generation are essential for addressing limitations in current model architectures, particularly with respect to contextual drift, linguistic coherence, and output diversity.
audited	w_66063956acd1233b	Emergent Linear Representations in World Models of Self-Supervised Sequence Models	EXCLUDE	explicit-claims-results	1214	332	0	0	Title: Emergent Linear Representations in World Models of Self-Supervised Sequence Models. Claim: Emergent Linear Representations in World Models of Self-Supervised Sequence Models. Supporting result: In this work, we present novel evidence of linear representations, and show that this hypothesis has real predictive power. *Equal contribution. neelnanda27@gmail.com, ajyl@umich.edu 1Code available at https://github.com/ajyl/mech_ int_othelloGPT 2 3 4 5 6 7 8 2 3 4 5 6 7 8 T r a n s f o r m e r B l o c k G r o u n d t r u t h B o a r d - S t a t e s P r o j e c t e d B o a r d - S t a t e s E m b e dT o k e n s R e s i d u a l S t r e a m U n e m b e d L o g i t s E6 F4 D3 D6 E3 C4 E6 F4 D3 D6 E3 C4 B3 Figure 1: The emergent world models of OthelloGPT are linearly represented. Claim: Linear representations enable significant interpretability progress, which we demonstrate with further exploration of how the world model is computed. Supporting result: Emergent Linear Representations in World Models of Self-Supervised Sequence Models Neel Nanda∗ Independent Andrew Lee∗ University of Michigan Martin Wattenberg Harvard University Abstract How do sequence models represent their decision-making process?
audited	w_dd1317747d73d644	Emergent linguistic structure in artificial neural networks trained by self-supervision	EXCLUDE	explicit-claims-results	191	34	0	0	Title: Emergent linguistic structure in artificial neural networks trained by self-supervision. Claim: Emergent linguistic structure in artificial neural networks trained by self-supervision.
audited	w_f6a044308e277e6f	Emergent mechanisms for long timescales depend on training curriculum and affect performance in memory tasks	INCLUDE	explicit-claims-results	809	161	0	0	Title: Emergent mechanisms for long timescales depend on training curriculum and affect performance in memory tasks. Claim: Multi-task training creates a recurrently mediated long-timescale mechanism. Supporting result: The recurrent mechanism is learned rather than wired, is quantitatively separated from prescribed single-neuron time constants, and targeted neuron ablations plus recurrent-weight/time-constant perturbations establish its functional role in memory. Claim: Curriculum and memory demand select distinct learned long-timescale mechanisms. Supporting result: Increasing memory length and changing the single- versus multi-head curriculum reorganize learned neuronal and recurrent timescales together with accuracy, robustness, and retraining behavior across independent networks and two tasks.
audited	w_0d3dcf550d7f718e	Emergent Misalignment Can Be Induced by Sycophancy and Reversed via Alignment Gating	EXCLUDE	explicit-claims-results	389	92	0	0	Title: Emergent Misalignment Can Be Induced by Sycophancy and Reversed via Alignment Gating. Claim: First, we identify sycophancy fine-tuning, i.e., training models to passively agree with users' incorrect opinions, as a previously underexplored driver of emergent misalignment, and… Supporting result: More convenient and effective realignment mechanisms, however, remain to be developed.
audited	w_308c48dc4aaa9e3f	Emergent modularity in large language models: Insights from aphasia simulations	EXCLUDE	explicit-claims-results+abstract-fallback	1282	241	0	0	Title: Emergent modularity in large language models: Insights from aphasia simulations. Abstract fallback: Abstract Recent large language models (LLMs) have demonstrated remarkable proficiency in complex linguistic tasks and have been shown to share certain computational principles with human language processing. However, whether LLMs’ internal components perform distinct functions, like semantic and syntactic processing in human language systems, remains unclear. Here, we systematically disrupted components of LLMs to simulate the behavioral profiles of aphasia—a disorder characterized by specific language deficits resulting from brain injury. Our findings showed that lesioning specific components of LLMs could replicate behaviors characteristic of different aphasia subtypes. Notably, while semantic deficits as those observed in Wernicke’s and Conduction aphasia, were relatively straightforward to simulate, reproducing syntactic and lexical impairments, as seen in Broca’s and Anomic aphasia, proved more challenging. Together, these results highlight both parallels and discrepancies between emergent modularity in LLMs and the human language system, providing new insights into how information is represented and processed in artificial and biological intelligence.
audited	w_18bd4894e38b3c30	Emergent Modularity in Pre-trained Transformers	EXCLUDE	explicit-claims-results	389	82	0	0	Title: Emergent Modularity in Pre-trained Transformers. Claim: Emergent Modularity in Pre-trained Transformers. Supporting result: We also mark the value of the last checkpoint with random partitioning on the curve by points with different shapes. the modularity of Transformers by MoE. 6 Emergence of Modularity In this section, we study the emergence of modular- ity during pre-training.
audited	w_f929db1156ad72b9	Emergent Moral Representations in Large Language Models Aligns with Human Conceptual, Neural, and Behavioral Moral Structure	EXCLUDE	explicit-claims-results	906	171	0	0	Title: Emergent Moral Representations in Large Language Models Aligns with Human Conceptual, Neural, and Behavioral Moral Structure. Claim: Representational similarity analysis uncovered a hierarchical moral geometry consistent with Moral Foundations Theory, with the posterior cingulate cortex (PCC) showing robust multivariate decoding and… Supporting result: [Insert Figure 2] LLM representational geometry parallels human moral taxonomies Moral-conceptual structure emerges in the representational geometry of LLMs To examine whether LLMs encode moral foundations in a manner that parallels theoreti cal and behavioral structure, we conducted RSA on layer-wise activations while treating each m odel as an independent subject,which allowed us to generalize representational patterns across architectures while accounting for LLM-to-LLM variability, analogous to group- level inference in human studies.
audited	w_b9bc4d3bac625b6d	Emergent Ordinal Geometry in Transformers Trained on Local Comparisons	EXCLUDE	explicit-claims-results	1922	427	0	0	Title: Emergent Ordinal Geometry in Transformers Trained on Local Comparisons. Claim: Critically, even when accuracy is at ceiling, decision confidence and geometric separation both scale monotonically with rank distance, directly mirroring the symbolic distance effect… Supporting result: Critically, even when accuracy is at ceiling, decision confidence and geometric separation both scale monotonically with rank distance, directly mirroring the symbolic distance effect observed across decades of behavioural experiments on humans, primates, and rodents. Claim: We find that out-of-distribution generalization emerges alongside a striking geometric reorganization: entity embeddings collapse onto a one-dimensional manifold whose principal axis recovers the hidden… Supporting result: (3) Train/OOD split:The model is trainedonlyon adjacent comparisons, in both directions, Dtrain =  (ei, ei+1),(e i+1, ei) : 0≤i 1 ,D train ∩ DOOD =∅(5) Since no distant pair is ever observed, success on DOOD requires reconstructing the global order ≺ from local comparisons alone, the computational form of the Bryant-Trabasso paradigm. Claim: Emergent Ordinal Geometry in Transformers Trained on Local Comparisons. Supporting result: Emergent Ordinal Geometry in Transformers Trained on Local Comparisons Nishit Singh∗ Birla Institute of Technology and Science, Pilani India f20221317@pilani.bits-pilani.ac.in Abstract Transitive inference is the challenge of inferring that A < C from knowing only adjacent relations (A < B, B < C). Claim: Emergent Ordinal Geometry in Transformers Trained on Local Comparisons. Supporting result: Emergent Ordinal Geometry in Transformers Trained on Local Comparisons Nishit Singh∗ Birla Institute of Technology and Science, Pilani India f20221317@pilani.bits-pilani.ac.in Abstract Transitive inference is the challenge of inferring that A < C from knowing only adjacent relations (A < B, B < C).
audited	w_cfed60f0df988968	Emergent Outlier View Rejection in Visual Geometry Grounded Transformers	EXCLUDE	explicit-claims-results	1351	356	0	0	Title: Emergent Outlier View Rejection in Visual Geometry Grounded Transformers. Claim: Emergent Outlier View Rejection in Visual Geometry Grounded Transformers. Supporting result: Emergent Outlier View Rejection in Visual Geometry Grounded Transformers Jisang Han1,2‡∗ Sunghwan Hong3∗ Jaewoo Jung1 Wooseok Jang1 Honggyu An1 Qianqian Wang4 Seungryong Kim1† Chen Feng2† 1KAIST AI 2New York University 3ETH AI Center, ETH Zurich 4UC Berkeley https://cvlab-kaist.github.io/RobustVGGT Abstract Reliable 3D reconstruction from in-the-wild image collec- tions is often hindered by “noisy” images—irrelevant in- puts with little or no view overlap with others. Claim: In this paper, we discover that the existing feed-forward reconstruction model, e.g., VGGT, despite lacking explicit outlier-rejection mechanisms or noise-aware training, can inherently distinguish… Supporting result: Emergent Outlier View Rejection in Visual Geometry Grounded Transformers Jisang Han1,2‡∗ Sunghwan Hong3∗ Jaewoo Jung1 Wooseok Jang1 Honggyu An1 Qianqian Wang4 Seungryong Kim1† Chen Feng2† 1KAIST AI 2New York University 3ETH AI Center, ETH Zurich 4UC Berkeley https://cvlab-kaist.github.io/RobustVGGT Abstract Reliable 3D reconstruction from in-the-wild image collec- tions is often hindered by “noisy” images—irrelevant in- puts with little or no view overlap with others.
audited	w_a78497f1c2544ef9	Emergent Representations of Program Semantics in Language Models Trained on Programs	EXCLUDE	explicit-claims-results	503	92	0	0	Title: Emergent Representations of Program Semantics in Language Models Trained on Programs. Claim: Emergent Representations of Program Semantics in Language Models Trained on Programs. Supporting result: Emergent Representations of Program Semantics in Language Models Trained on Programs Charles Jin 1 Martin Rinard 1 Abstract We present evidence that language models (LMs) of code can learn to represent the formal seman- tics of programs, despite being trained only to perform next-token prediction.
audited	w_a102e93eb2f0b4fe	Emergent Search and Backtracking in Latent Reasoning Models	EXCLUDE	explicit-claims-results	447	89	0	0	Title: Emergent Search and Backtracking in Latent Reasoning Models. Claim: Deliberation follows a consistent trajectory: an exploration phase where probability mass spreads across candidates, tentative commitment to a frontrunner, and either convergence or backtracking. Supporting result: Emergent Search and Backtracking in Latent Reasoning Models Jasmine Cui * 1 Charles Ye* 1 Abstract What happens when a language model thinks with- out words?
audited	w_b7c2381a27c702c4	Emergent Stack Representations in Modeling Counter Languages Using Transformers	EXCLUDE	explicit-claims-results	709	154	0	0	Title: Emergent Stack Representations in Modeling Counter Languages Using Transformers. Claim: One way that research in the past has tackled this problem is by isolating the learning capabilities of these architectures by training them over… Supporting result: Emergent Stack Representations in Modeling Counter Languages Using Transformers Utkarsh Tiwari1, *, Aviral Gupta1, *, Michael Hahn2, † 1Birla Institute of Technology and Science, Pilani 2Saarland University Correspondence: {f20220052, f20220097}@pilani.bits-pilani.ac.in Abstract Transformer architectures are the backbone of most modern language models, but understand- ing the inner workings of these models still largely remains an open problem.
audited	w_31d5e4082601879a	Emergent Structured Representations Support Flexible In-Context Inference in Large Language Models	EXCLUDE	explicit-claims-results	450	77	0	0	Title: Emergent Structured Representations Support Flexible In-Context Inference in Large Language Models. Claim: Our results reveal a conceptual subspace emerging in middle to late layers, whose representational structure persists across contexts. Supporting result: While recent work has identified structured con- ceptual representations within these models, it remains unclear whether they functionally rely on such representations for reasoning.
audited	w_196fc85332b551c5	Emergent Structures and Training Dynamics in Large Language Models	EXCLUDE	explicit-claims-results	383	74	0	0	Title: Emergent Structures and Training Dynamics in Large Language Models. Claim: Emergent Structures and Training Dynamics in Large Language Models. Supporting result: In the context of LLMs, such struc- tures may provide a basis for understanding the nature of linguistic features that LLMs purportedly learn, especially when comparing the development of each during training time.
audited	w_e219fcd05aa4ac72	Emergent Symbol-like Number Variables in Artificial Neural Networks	INCLUDE	explicit-claims-results	1309	296	0	0	Title: Emergent Symbol-like Number Variables in Artificial Neural Networks. Claim: We show through multiple causal and theoretical methods that we can interpret raw NN activity through the lens of simplified SAs when we frame… Supporting result: These architectures both have a Markovian, hidden state vector that bottlenecks all predictive computations following the structure: ht+1 =f (ht,xt) (1) ˆxt+1 =g(ht+1) (2) Where ht is the hidden state vector at stept, xt is the input token at stept, f is the recurrent function (either a GRU or LSTM cell), andg is a multi-layer perceptron (MLP) used to make a prediction, denoted ˆxt+1, of the token at stept + 1. Claim: Networks learn reusable symbol-like number subspaces without symbolic coordinates being supplied. Supporting result: The subspaces have a formally tested variable geometry across architectures, and distributed-alignment-search interchange interventions establish that the model uses them in sequence computations rather than merely making them probe-decodable. Claim: Symbol-like number variables strengthen across architecture, dimension, and task controls. Supporting result: Training and controlled model/task series show a qualitative move from item-bound codes to reusable number-variable subspaces together with compositional behavior.
audited	w_cb00fb1bab7f3b7f	Emergent Symbolic Mechanisms Support Abstract Reasoning in Large Language Models	INCLUDE	explicit-claims-results	914	175	0	0	Title: Emergent Symbolic Mechanisms Support Abstract Reasoning in Large Language Models. Claim: Symbol abstraction heads convert tokens to invariant abstract variables. Supporting result: Token instances are reduced to reusable variables; cross-token decoding exceeds 98%, while causal mediation and controlled ablations establish necessity and sufficiency. Claim: The same three-stage architecture appears in three abstract reasoning tasks. Supporting result: The mechanism recurs across randomized-token rule induction, letter-string analogies, and verbal analogies in 13 models from four families, with random/control ablations. Claim: An emergent three-stage symbolic architecture supports abstract reasoning. Supporting result: Unmodified pretrained transformers learn variable-binding, symbolic-induction, and retrieval stages; representation, attention, patching, and ablation analyses jointly validate use.
audited	w_3e42f09a386d12e1	Emergent temporal abstractions in autoregressive models enable hierarchical reinforcement learning	EXCLUDE	explicit-claims-results	1810	372	0	0	Title: Emergent temporal abstractions in autoregressive models enable hierarchical reinforcement learning. Claim: However, sampling actions token-by-token can result in highly inefficient learning, particularly when rewards are sparse. Supporting result: From an information-theoretic perspective, 𝛼 also controls the variational bottleneck by regulating the information flow from the acausal encoder to the controller. Claim: Critically, each controller executes a sequence of behaviorally meaningful actions that unfold over long timescales and are accompanied with a learned termination condition, such… Supporting result: Interestingly, too much weight decay also degrades the representation, which points to a critical reg- ularization trade-off that has been previously reported in foundation models [65]. Claim: Critically, each controller executes a sequence of behaviorally meaningful actions that unfold over long timescales and are accompanied with a learned termination condition, such… Supporting result: Moreover, themetacontrollerlearnstogener- ate latent controller codes which correspond to meaningful temporally-abstract actions (e.g., “go to color blue”), that generalize to new task configurations and switching times (see Appendix B.3.2 for an analysis). Claim: Large-scale autoregressive models pretrained on next-token prediction and finetuned with reinforcement learning (RL) have achieved unprecedented success on many problem domains. Supporting result: Key results We illustrate our approach in Fig. 1, and preview our main contributions below: • Next-action predictors inherently develop temporally-abstract action representations.We analyze transformers and state-space models (SSMs) trained to autoregressively predict the actions of goal-directed agents, whose goals are unknown.
audited	w_183237c2b47ef789	Emergent Vector Embedding Shaping in Large Language Models Through Novel Multi-Path Neural Architectures	EXCLUDE	explicit-claims-results	1993	350	0	0	Title: Emergent Vector Embedding Shaping in Large Language Models Through Novel Multi-Path Neural Architectures. Claim: Quantitative metrics reveal stabilized cosine similarity values, reduced embedding norm variance, and enhanced clustering tendencies within the transformed vector spaces. Supporting result: 1 Emergent Vector Embedding Shaping in Large Language Models Through Novel Multi-Path Neural Architectures Stuart Maughan*, Jonathan Collingwood, Edith Tattershall, and Gregory Pendleton Abstract—Emergent vector embedding shaping introduces a novel methodology for improving the adaptability and precision of semantic representations within transformer-based architec- tures. Claim: Experimental results emphasize the effectiveness of the proposed methodology in addressing critical limitations of traditional embedding techniques, while retaining compatibility with existing frameworks. Supporting result: Embeddings, which serve as compressed nu- merical representations of textual information, are critical for the functioning of neural architectures. Claim: Evaluations demonstrate significant improvements across multiple benchmarks, including cross-lingual transfer capabilities, semantic similarity tasks, and noisy input robustness. Supporting result: Evaluations demonstrate significant improvements across multiple bench- marks, including cross-lingual transfer capabilities, semantic similarity tasks, and noisy input robustness. Claim: Computational efficiency was maintained through sparse matrix operations and modular layer designs, ensuring scalability across model sizes. Supporting result: 1 Emergent Vector Embedding Shaping in Large Language Models Through Novel Multi-Path Neural Architectures Stuart Maughan*, Jonathan Collingwood, Edith Tattershall, and Gregory Pendleton Abstract—Emergent vector embedding shaping introduces a novel methodology for improving the adaptability and precision of semantic representations within transformer-based architec- tures.
audited	w_47bf4f8fc88f3cb8	Emergent World Beliefs: Exploring Transformers in Stochastic Games	EXCLUDE	explicit-claims-results	1143	246	0	0	"Title: Emergent World Beliefs: Exploring Transformers in Stochastic Games. Claim: Prior work has shown that LLMs can develop emergent world models in games of perfect information, where internal representations correspond to latent states of… Supporting result: A Appendix Our code can be found at: • https://anonymous.4open.science/r/poker-interp-4653/ B Theoretical Justification of Bayesian World Models In this section, we motivate LLMs as MLE learners in a POMDP setting, and formalize the connection between these LLM probabilistic ""belief states"" and concrete residual stream activations that are separated through linear probes. Claim: Prior work has shown that LLMs can develop emergent world models in games of perfect information, where internal representations correspond to latent states of… Supporting result: To extend our work, we hope to further scale our base LM and formalize our intuitions of LLM Bayesian behavior—in particular, extracting LLM beliefs of the Poker POMDP (see Appendix B for theory)—and better understand the structure of LLM predictive world representations through SAEs and further probing experiments. 5"
audited	w_6b8b0f146292001a	Emergent World Models and Latent Variable Estimation in Chess-Playing Language Models	EXCLUDE	explicit-claims-results	1095	210	0	0	Title: Emergent World Models and Latent Variable Estimation in Chess-Playing Language Models. Claim: Board-state and player-skill representations emerge through a rapid organizational transition linked to behavior. Supporting result: Layer-wise probes show board-state accuracy peaking in middle-to-late layers and skill accuracy peaking at the final layer, with causal activation interventions validating some decoded variables. Claim: The learned board-state and player-skill representations transfer to novel chess situations in a way that establishes strict generalisation. Supporting result: The model is trained on 16 million human games and evaluated on held-out games, unique played trajectories, and boards initialized by 20 random moves. Adding a skill vector improves win rate on random boards by up to 2.6 times. Claim: The chess model develops a novel internal coordinate system for board state and player skill. Supporting result: Linear piece-square probes recover board state, and contrastive activation differences expose Elo-linked directions that causally alter play strength.
audited	w_ae5660e37ed8d376	Emergent World Representations: Exploring a Sequence Model Trained on a Synthetic Task	EXCLUDE	explicit-claims-results	382	74	0	0	Title: Emergent World Representations: Exploring a Sequence Model Trained on a Synthetic Task. Claim: Emergent World Representations: Exploring a Sequence Model Trained on a Synthetic Task. Supporting result: Published as a conference paper at ICLR 2023 EMERGENT WORLD REPRESENTATIONS : E XPLORING A SEQUENCE MODEL TRAINED ON A SYNTHETIC TASK Kenneth Li∗ Harvard University Aspen K.
audited	w_afd5289886580185	Emergent World Representations in OpenVLA	EXCLUDE	explicit-claims-results	1702	371	0	0	Title: Emergent World Representations in OpenVLA. Claim: Finally, we outline a pipeline leveraging Sparse Autoencoders (SAEs) to analyze OpenVLA's world model. Supporting result: A linear probe predicts the resulting state transition vector (∆ˆet→t+K), which is then decomposed by a Sparse Autoencoder (SAE) into a sparse vector of meaningful features. Claim: However, it remains unclear whether VLAs implicitly learn world models, a hallmark of model-based RL. Supporting result: Using linear and non linear probes trained on activations across layers, we find statistically significant predictive ability on state transitions exceeding baselines (embeddings), indicating that OpenVLA encodes an internal world model (as opposed to the probes learning the state transitions). Claim: Vision Language Action models (VLAs) trained with policy-based reinforcement learning (RL) encode complex behaviors without explicitly modeling environmental dynamics. Supporting result: Our contributions can be summarized as follows: • We leverage embedding arithmetic to show that OpenVLA, which was trained with policy- based RL, has latent environmental knowledge by probing state transition vectors. • We show that scaling pre-training compute enhances latent knowledge of state transitions, and we locate the world model across layers. • We outline an application of Sparse Autoencoders to interpretable planning in which pre- dicted state transitions extracted from the latent world model of OpenVLA become inter- pretable expectations to instruct veto or action execution, see Figure 1. 2 BACKGROUND 2.1 OPENVLA We study OpenVLA (Kim et al., 2024), a 7B-parameter state-of-the-art vision-language-action model.
audited	w_06e9a506745ea5b3	Evidence of Phase Transitions in Small Transformer-Based Language Models	EXCLUDE	explicit-claims-results	1084	201	0	0	Title: Evidence of Phase Transitions in Small Transformer-Based Language Models. Claim: Evidence of Phase Transitions in Small Transformer-Based Language Models. Supporting result: Although developed for physical systems in thermal equilibrium, this language has migrated to describe abrupt changes in artificial systems, including neural networks, where “temperature” may be replaced by training time, learning rate, or model scale, and “magnetization” by generalization accuracy, representational coherence, or statistical dispersion. Claim: Phase transitions have been proposed as the origin of emergent abilities in large language models (LLMs), where new capabilities appear abruptly once models surpass… Supporting result: Although developed for physical systems in thermal equilibrium, this language has migrated to describe abrupt changes in artificial systems, including neural networks, where “temperature” may be replaced by training time, learning rate, or model scale, and “magnetization” by generalization accuracy, representational coherence, or statistical dispersion.
audited	w_63d2efb7962dd788	Evolving reservoir computers reveal bidirectional coupling between predictive power and emergent dynamics	INCLUDE	explicit-claims-results	899	168	0	0	Title: Evolving reservoir computers reveal bidirectional coupling between predictive power and emergent dynamics. Claim: A learned macroscopic forecast condenses a 100-neuron microstate while preserving synergistic predictive information. Supporting result: The ridge-trained scalar readout depends on the full reservoir yet contains future information unavailable from individual neurons and is the functional prediction; readout randomization and reciprocal objective optimization link the reduced feature to performance. Claim: Training-set size and optimization objective control the onset of a synergistic predictive macrostate. Supporting result: Data-size and bidirectional objective sweeps move the forecast from non-emergent to positive-synergy organization together with prediction success across six environments and repeated reservoir populations; randomized readouts delimit the effect.
audited	w_5dad8438d08739da	Exact Learning Dynamics of In-Context Learning in Linear Transformers and Its Application to Non-Linear Transformers	EXCLUDE	explicit-claims-results	2578	498	0	0	Title: Exact Learning Dynamics of In-Context Learning in Linear Transformers and Its Application to Non-Linear Transformers. Claim: To test this, we introduce theory-inspired macroscopic measures (spectral rank dynamics, subspace stability) and use them to provide mechanistic explanations for (1) the sudden… Supporting result: This deliberate simplification allows us to analytically trace how contextual information mod- ulates the model’s predictions. Claim: To test this, we introduce theory-inspired macroscopic measures (spectral rank dynamics, subspace stability) and use them to provide mechanistic explanations for (1) the sudden… Supporting result: In particular, we believe that this detailed understanding can inform interpretability efforts and evaluation methodologies for more complex, real-world models and argue the point by quantitatively analyzing the properties of model parameters in 1) simple attention only transformer model that exhibit sudden emergence of in context learning during training time, and 2) grokking model that exhibits delayed generalization. 1.1. Claim: Transformer models exhibit remarkable in-context learning (ICL), adapting to novel tasks from examples within their context, yet the underlying mechanisms remain largely mysterious. Supporting result: Symmetry and Geometry in Neural Representations Workshop 2025 1–36, 2025 Symmetry and Geometry in Neural Representations Exact Learning Dynamics of In-Context Learning in Linear Transformers and its application Nischal Mainalinischal.mainali@mail.huji.ac.il The Edmond and Lily Safra Center for Brain Sciences, Hebrew University of Jerusalem Lucas Teixeira Principles of Intelligent Behavior in Biological and Social Systems (PIBBSS) Editors:List of editors’ names Abstract Transformer models exhibit remarkable in-context learning (ICL), adapting to novel tasks from examples within their context, yet the underlying mechanisms remain largely myste- rious. Claim: Our analysis reveals key properties: (1) a natural separation of timescales directly governed by the input data's covariance structure, leading to staged learning; (2)… Supporting result: In particular, we believe that this detailed understanding can inform interpretability efforts and evaluation methodologies for more complex, real-world models and argue the point by quantitatively analyzing the properties of model parameters in 1) simple attention only transformer model that exhibit sudden emergence of in context learning during training time, and 2) grokking model that exhibits delayed generalization. 1.1.
audited	w_0daa43451a63b0d5	Excitatory-inhibitory recurrent dynamics produce robust visual grids and stable attractors	INCLUDE	explicit-claims-results	1465	298	0	0	Title: Excitatory-inhibitory recurrent dynamics produce robust visual grids and stable attractors. Claim: Recurrent activity is constrained to low-dimensional ring and toroidal attractors. Supporting result: High-dimensional recurrent activity contracts onto a two-dimensional ring or three-dimensional torus that retains position; the trained decoder uses it, and loss of the ring under speed or architecture controls coincides with unstable positional output. Claim: Grid-like population codes emerge as continuous attractor manifolds. Supporting result: The grid/ring geometry is not prescribed by the architecture or loss, is characterized by rate maps, grid scores, topology, and fixed points, and is used for position prediction; ten-network and cue, scene, activation, Dale, sparsity, and darkness controls establish robustness and function. Claim: To address the knowledge gap and make experimentally testable predictions, here we trained a biologically-inspired excitatory-inhibitory recurrent neural network (E/I-RNN) to perform a two-dimensional… Supporting result: Recent work has shown that grid cells emerge from trained recurrent neural networks (RNNs) that predict spatial location based on a pure velocity input, which supports the hypothesis of recurrent attractor dynamics and path integrator in the cognitive map, such that the attractor state may encode a stable representation of a variable (such as position) in the absence of external input.
audited	w_928be1de7f678ed8	ExPLAIND: Unifying Model, Data, and Training Attribution to Study Model Behavior	EXCLUDE	explicit-claims-results	680	138	0	0	Title: ExPLAIND: Unifying Model, Data, and Training Attribution to Study Model Behavior. Claim: ExPLAIND: Unifying Model, Data, and Training Attribution to Study Model Behavior. Supporting result: Left:We swap different layers of the final Transformer model into checkpoints across the training trajectory and find that the layers involved in the final alignment phase (the embedding, second linear layer and the decoder), improve accuracy by over 15%, supporting our hypothesis of a pipeline of intermediate layers developing a generalizing representation before the final Grokking phase.Right:Confusion matrices of two unedited checkpoints and their respective swapped versions.
audited	w_cddfb17d263e3744	Explaining Grokking and Information Bottleneck through Neural Collapse Emergence	INCLUDE	explicit-claims-results	1478	262	0	0	Title: Explaining Grokking and Information Bottleneck through Neural Collapse Emergence. Claim: Population within-class variance bounds redundant representation information. Supporting result: Formal bounds show task-irrelevant information contracts while class information remains sufficient; the same quantity bounds generalization error and matches empirical collapse. Claim: Two prominent examples are grokking, where test performance improves abruptly long after the training loss has plateaued, and the information bottleneck principle, where models… Supporting result: Two prominent examples are grokking, where test performance improves abruptly long after the training loss has plateaued, and the information bottleneck principle, where mod- els progressively discard input information irrelevant to the prediction task as training proceeds. Claim: In this work, we present a unified explanation of such late-phase phenomena through the lens of neural collapse, which characterizes the geometry of learned… Supporting result: In this work, we present a unified expla- nation of such late-phase phenomena through the lens of neural collapse, which characterizes the geometry of learned representations. Claim: Neural collapse progresses on a later timescale than training-set fitting. Supporting result: Theory and multi-dataset, multi-architecture experiments connect within-class contraction over training to delayed generalization and information-bottleneck dynamics.
audited	w_2c0c064d65d2971a	Explaining Grokking in Transformers through the Lens of Inductive Bias	EXCLUDE	explicit-claims-results	766	159	0	0	Title: Explaining Grokking in Transformers through the Lens of Inductive Bias. Claim: Finally, we show how generalization predictably emerges with feature compressibility in grokking, across different modulators of inductive bias. Supporting result: Finally, we show how generalization predictably emerges with feature compressibility in grokking, across different mod- ulators of inductive bias. Claim: Subsequently, we study how different optimization settings modulate grokking, inducing distinct interpretations of previously proposed controls such as readout scale. Supporting result: This study particularly uses readout scale α as a proxy for the network “laziness” in order to interpret grokking as a transition from lazy-to-rich regimes of feature learning.
audited	w_a98ab65706b90112	Explaining grokking through circuit efficiency	EXCLUDE	explicit-claims-results	1083	228	0	0	Title: Explaining grokking through circuit efficiency. Claim: We hypothesise that memorising circuits become more inefficient with larger training datasets while generalising circuits do not, suggesting there is a critical dataset size… Supporting result: We hypothesise that memorising circuits become more inefficient with larger training datasets while generalising circuits do not, suggesting there is a critical dataset size at which memorisation and generalisation are equally efficient. Claim: One of the most surprising puzzles in neural network generalisation is grokking: a network with perfect training accuracy but poor generalisation will, upon further… Supporting result: 5 September 2023 Explaining grokking through circuit efficiency Vikrant Varma*, 1, Rohin Shah*, 1, Zachary Kenton1, János Kramár1 and Ramana Kumar1 *Equal contributions,1Google DeepMind One of the most surprising puzzles in neural network generalisation isgrokking: a network with perfect training accuracy but poor generalisation will, upon further training, transition to perfect generalisation.
audited	w_9977306cc3994536	Exploring Grokking: Experimental and Mechanistic Investigations	EXCLUDE	explicit-claims-results	1093	263	0	0	Title: Exploring Grokking: Experimental and Mechanistic Investigations. Claim: Subsequent prolonged training leads to a sharp transition from no generalization to perfect generalization. Supporting result: These include the slingshot mechanism, which involves cyclic phase transitions Thilak et al., 2022[13]; the concept of slow formulation of good representations Liu et al., 2022[5]; the influence of the scale of initialization Liu et al., 2023[6]; and the significance of the simplicity of the generalizable solution, as discussed by Nanda et al. 2023[9] and Varma et al. 2023[14]. Claim: The phenomenon of grokking in over-parameterized neural networks has garnered significant interest. Supporting result: These include the slingshot mechanism, which involves cyclic phase transitions Thilak et al., 2022[13]; the concept of slow formulation of good representations Liu et al., 2022[5]; the influence of the scale of initialization Liu et al., 2023[6]; and the significance of the simplicity of the generalizable solution, as discussed by Nanda et al. 2023[9] and Varma et al. 2023[14].
audited	w_45a112f0ccfe5c13	Feature emergence via margin maximization: case studies in algebraic tasks	INCLUDE	explicit-claims-results	858	150	0	0	Title: Feature emergence via margin maximization: case studies in algebraic tasks. Claim: Maximum-margin solutions are sparse in Fourier or irreducible-representation space. Supporting result: Theorems restrict each neuron to a single feature family while retaining a complete task solution; experiments converge to the predicted sparse representation. Claim: Networks learn Fourier and irreducible group-representation features. Supporting result: Without feature labels, trained weights move from random mixtures to the formally characterized bases that the proofs show are required for the learned computation. Claim: Representations arise as networks approach maximum margin during training. Supporting result: Training trajectories on modular addition, sparse parity, and group composition converge to the predicted internal features and task solutions.
audited	w_c14141577a386c75	Feature Identification via the Empirical NTK	EXCLUDE	explicit-claims-results	1378	295	0	0	Title: Feature Identification via the Empirical NTK. Claim: Moreover, the alignment of the relevant subspaces evolves over training, with its first derivative peaking near the onset of grokking. Supporting result: Previous work has often started from the assumption that individual neural activations [22], or sparse linear combinations of them [5, 8] may furnish good candidate features for interpretability. Claim: We provide evidence that eigenanalysis of the empirical neural tangent kernel (eNTK) can surface feature directions in trained neural networks. Supporting result: The latter eigenspace aligns continuously with the sum modes throughout training, with the first derivative of the overlap reaching a maximum around the onset of the grokking phase transition. • For a 1L Transformer trained on modular arithmetic mod p in the grokking regime, which is known to implement a similar ground-truth algorithm but at a sparse set of random seed-dependent frequencies [21], top layerwise eNTK eigenspaces align with the Fourier features at the key frequencies. • For the pretrained language model Gemma-3-270M, top eigendirections of the eNTK computed on a test set of context windows from TinyStories outperform a same-budget baseline of PCA on model activations at recovering independently-specified grammar (e.g. parts-of-speech and morphology) features on the dataset.
audited	w_50a8d749e31274a5	Feature Lottery? A Bifurcation Theory of Concept Emergence	EXCLUDE	explicit-claims-results	1622	359	0	0	Title: Feature Lottery? A Bifurcation Theory of Concept Emergence. Claim: Microscopically, the bifurcation creates a shared unstable subspace, forcing collective symmetry breaking. Supporting result: NC1 axes are not comparable across panels (sparse-code, backbone, residual-stream); the trajectoryshapeis the prediction. Claim: A Bifurcation Theory of Concept Emergence. Supporting result: A Bifurcation Theory of Concept Emergence Fuming Yang* MIT Abstract Neural networks acquire structured representations at specific moments during training, yet identifying these transitions typically relies on retrospective, label-dependent metrics. Claim: The system exhibits a theoretically predictable zero-crossing ($\beta_c$) that, compared to the network's current state ($\beta$), yields a dynamic ratio $\beta(t)/\beta_c(t)$: a universal, label-free… Supporting result: The regime-selection conclusion; drift-dominated rather than activation-dominated; is specific to the modular-arithmetic grokking setup at µ∼10 −4–10−3, train fraction 0.3, and WD∈[0.1,1.0] ; in deeper or wider barriers (e.g., larger p, much smaller train fraction) the activation regime may re-emerge. Claim: Neural networks acquire structured representations at specific moments during training, yet identifying these transitions typically relies on retrospective, label-dependent metrics. Supporting result: (ii)Secondary bifurcations.The hierarchical structure (Sec. 3) predicts that finer features should themselves exhibit phase transitions at β(2) c = 1/λmax(Σwithin) later in training; verification at the secondary scale is left to future work.
audited	w_324dfcccfb988427	Features Emerge as Discrete States: The First Application of SAEs to 3D Representations	EXCLUDE	explicit-claims-results	1233	243	0	0	Title: Features Emerge as Discrete States: The First Application of SAEs to 3D Representations. Claim: Sparse Autoencoders (SAEs) are a powerful dictionary learning technique for decomposing neural network activations, translating the hidden state into human ideas with high semantic… Supporting result: FEATURESEMERGE ASDISCRETESTATES: THEFIRST APPLICATION OFSAES TO3D REPRESENTATIONS Albert Miao1,* Chenliang Zhou1,* Jiawei Zhou2 Cengiz Oztireli1 ABSTRACT Sparse Autoencoders (SAEs) are a powerful dictionary learning technique for de- composing neural network activations, translating the hidden state into human ideas with high semantic value despite no external intervention or guidance. Claim: Through this state transition framework, we address three otherwise unintuitive behaviors - the inclination of the reconstruction model towards positional encoding representations, the sigmoidal… Supporting result: Through this state transition framework, we address three otherwise unintuitive behaviors — the inclination of the reconstruction model towards positional encoding representations, the sig- moidal behavior of reconstruction loss from feature ablation, and the bimodality in the distribution of phase transition points.
audited	w_6bc585648f75a51c	Fine-Tuning Enhances Existing Mechanisms: A Case Study on Entity Tracking	EXCLUDE	explicit-claims-results+abstract-fallback	1688	315	0	0	Title: Fine-Tuning Enhances Existing Mechanisms: A Case Study on Entity Tracking. Abstract fallback: Fine-tuning on generalized tasks such as instruction following, code generation, and mathematics has been shown to enhance language models' performance on a range of tasks. Nevertheless, explanations of how such fine-tuning influences the internal computations in these models remain elusive. We study how fine-tuning affects the internal mechanisms implemented in language models. As a case study, we explore the property of entity tracking, a crucial facet of language comprehension, where models fine-tuned on mathematics have substantial performance gains. We identify the mechanism that enables entity tracking and show that (i) in both the original model and its fine-tuned versions primarily the same circuit implements entity tracking. In fact, the entity tracking circuit of the original model on the fine-tuned versions performs better than the full original model. (ii) The circuits of all the models implement roughly the same functionality: Entity tracking is performed by tracking the position of the correct entity in both the original model and its fine-tuned versions. (iii) Performance boost in the fine-tuned models is primarily attributed to its improved ability to handle the augmented positional information. To uncover these findings, we employ: Patch Patching, DCM, which automatically detects model components responsible for specific semantics, and CMAP, a new approach for patching activations across models to reveal improved mechanisms. Our findings suggest that fine-tuning enhances, rather than fundamentally alters, the mechanistic operation of the model.
audited	w_9f73d3436486bd59	Flatness is Necessary, Neural Collapse is Not: Rethinking Generalization via Grokking	EXCLUDE	explicit-claims-results	1063	234	0	0	Title: Flatness is Necessary, Neural Collapse is Not: Rethinking Generalization via Grokking. Claim: Yet, the causal role of either phenomenon remains unclear: Are they prerequisites for generalization, or merely by-products of training dynamics? Supporting result: Flatness is Necessary, Neural Collapse is Not: Rethinking Generalization via Grokking Ting Han Lamarr Institute, TU Dortmund, Germany and Institute for AI in Medicine, UK Essen ting.han@tu-dortmund.de Linara Adilova Research Center Trustworthy Data Science and Security of the University Alliance Ruhr, TU Dortmund, Germany Henning Petzka Ruhr University Bochum, Germany Jens Kleesiek Institute for AI in Medicine, UK Essen and Department of Physics, TU Dortmund, Germany Michael Kamp Lamarr Institute, TU Dortmund, Germany and Institute for AI in Medicine, UK Essen michael.kamp@tu-dortmund.de Abstract Neural collapse, i.e., the emergence of highly symmetric, class-wise clustered representations, is frequently observed in deep networks and is often assumed to reflect or enable generalization.
audited	w_a1ccd9bf44a17fd9	From Compression to Expression: A Layerwise Analysis of In-Context Learning	EXCLUDE	explicit-claims-results	1798	351	0	0	Title: From Compression to Expression: A Layerwise Analysis of In-Context Learning. Claim: From Compression to Expression: A Layerwise Analysis of In-Context Learning. Supporting result: Our analysis reveals an intriguing phenomenon, which we termLay- erwise Compression-Expression: early layers progressively produce compact and discriminative representations that encode task information from the input demon- strations, while later layers express these representations to incorporate the query and generate the prediction. Claim: In-context learning (ICL) enables large language models (LLMs) to adapt to new tasks without weight updates by learning from demonstration sequences. Supporting result: Our findings reveal an intriguing layerwise dynamic in ICL, highlight how structured represen- tations emerge within LLMs, and showcase that analyzing internal representations can facilitate a deeper understanding of model behavior. 1 Introduction In-context learning (ICL) [1, 2] has emerged as a powerful capability of large language mod- els(LLMs), allowing them to perform new tasks by conditioning on a few input-output examples without weight updates. Claim: We demonstrate that it has important implications for ICL performance -- improving with model size and the number of demonstrations -- and for robustness… Supporting result: Our findings reveal an intriguing layerwise dynamic in ICL, highlight how structured represen- tations emerge within LLMs, and showcase that analyzing internal representations can facilitate a deeper understanding of model behavior. 1 Introduction In-context learning (ICL) [1, 2] has emerged as a powerful capability of large language mod- els(LLMs), allowing them to perform new tasks by conditioning on a few input-output examples without weight updates.
audited	w_c8a949e793b32b4d	From Condensation to Rank Collapse: A Two-Stage Analysis of Transformer Training Dynamics	EXCLUDE	explicit-claims-results	372	80	0	0	Title: From Condensation to Rank Collapse: A Two-Stage Analysis of Transformer Training Dynamics. Claim: From Condensation to Rank Collapse: A Two-Stage Analysis of Transformer Training Dynamics. Supporting result: Condensation Mechanism: By introducing a final-stage condition (Assumption 1), we establish theoretical guarantees for condensation emergence (Theorem 2). 3.
audited	w_87462cebc24e3c1e	From movement to cognitive maps: recurrent neural networks reveal how locomotor development shapes hippocampal spatial coding	INCLUDE	explicit-claims-results	1394	248	0	0	Title: From movement to cognitive maps: recurrent neural networks reveal how locomotor development shapes hippocampal spatial coding. Claim: Critically, we demonstrate that replicating the specific statistics of developmental locomotion – rather than merely accelerating sensory change – is essential for the emergence… Supporting result: Critically, we demonstrate that replicating the specific statistics of developmental locomotion – rather than merely accelerating sensory change – is essential for the emergence of an allocentric spatial representation. Claim: Egocentric sensorimotor prediction produces an allocentric spatial representation. Supporting result: The RNN learns formally measured place/head-direction structure and an allocentric manifold without spatial-coordinate supervision; silencing classified spatial cells raises validation loss across 100 repetitions, and held-out decoding, stability, and experimental-recording comparisons support model use. Claim: Developmental movement statistics drive sequential emergence of spatially tuned units. Supporting result: Crawl, walk, run, and adult trajectory regimes cause progressive spatial organization and improved position/head-direction decoding; matched exposure, reversed development, temporal-gap, capacity, input, and training-duration controls plus lesion effects tie the internal progression to prediction behavior.
audited	w_09f63ee8fae242b4	From Texts to Scores: Tracing the Emergence of Essay Quality Representations in Large Language Models	EXCLUDE	explicit-claims-results	509	87	0	0	Title: From Texts to Scores: Tracing the Emergence of Essay Quality Representations in Large Language Models. Claim: These representations emerge progressively across layers, remain robust across prompting strategies, and partially transfer across essay prompts despite differences in scoring rubrics. Supporting result: These representations emerge progressively across layers, remain ro- bust across prompting strategies, and partially transfer across essay prompts despite differ- ences in scoring rubrics.
audited	w_39ca6ff1e5e8821c	Function Vectors in Large Language Models	EXCLUDE	explicit-claims-results	1290	248	0	0	Title: Function Vectors in Large Language Models. Claim: A small set of causally selected attention heads carries a compact task representation that can be summed into one function vector and reused to trigger task execution. Supporting result: The vector is the sum of outputs from a small AIE-selected head set; injecting it raises GPT-J zero-shot accuracy from 5.5% to 57.5% and works across additional tasks and model families. Performance generally plateaus around ten selected heads, and the layer-specific intervention shows the downstream network causally consumes the compact code. Claim: A function vector extracted from ICL demonstrations transfers its represented function to genuinely unfamiliar settings and tasks. Supporting result: Function vectors are portable to shuffled-label, zero-shot, alternative-template, and natural-prose contexts, and analyst-composed vectors sometimes activate related Last-* functions. Claim: Function vectors form a newly learned internal coordinate system for abstract input-output functions. Supporting result: The interventions show that extracted directions have nontrivial causal content and are not reducible to simple word-embedding offsets, but the reported vector is constructed by the analyst as a sum in the ordinary residual space.
audited	w_706a559e41355dab	Get rich quick: exact solutions reveal how unbalanced initializations promote rapid feature learning	EXCLUDE	explicit-claims-results	1541	318	0	0	Title: Get rich quick: exact solutions reveal how unbalanced initializations promote rapid feature learning. Claim: In this work, we derive exact solutions to a minimal model that transitions between lazy and rich learning, precisely elucidating how unbalanced layer-specific initialization… Supporting result: In contrast to the lazy regime, the rich or feature-learning or active regime is distin- guished by a learned NTK that evolves through training, non-convex dynamics traversing between saddle points [10, 11, 12], sigmoidal learning curves, and simplicity biases such as low-rankness [13] or sparsity [14]. Claim: Our analysis reveals that they conspire to influence the learning regime through a set of conserved quantities that constrain and modify the geometry of… Supporting result: Here we provide evidence that an upstream initialization (a) drives feature learning through changing activation patterns, (b) promotes interpretability of early layers in CNNs, (c) reduces the sample complexity of learning hierarchical data, and (d) decreases the time to grokking in modular arithmetic. Claim: Our analysis reveals that they conspire to influence the learning regime through a set of conserved quantities that constrain and modify the geometry of… Supporting result: In Section 4 we extend our analysis of the relative scale developed in the single-neuron model to more complex linear models with multiple neurons, outputs, and layers and in Section 5 to two-layer nonlinear networks with piecewise linear activation functions.
audited	w_02b805ef4183bf30	Global Low-Rank, Local Full-Rank: The Holographic Encoding of Learned Algorithms	EXCLUDE	explicit-claims-results	1958	391	0	0	Title: Global Low-Rank, Local Full-Rank: The Holographic Encoding of Learned Algorithms. Claim: Grokking -- the abrupt transition from memorization to generalization after extended training -- has been linked to the emergence of low-dimensional structure in learning… Supporting result: Global Low-Rank, Local Full-Rank: The Holographic Encoding of Learned Algorithms Yongzhong Xu∗ February 20, 2025 Abstract Grokking—the abrupt transition from memorization to generalization after extended training— has been linked to the emergence of structured, low-dimensional representations. Claim: Grokking -- the abrupt transition from memorization to generalization after extended training -- has been linked to the emergence of low-dimensional structure in learning… Supporting result: Global Low-Rank, Local Full-Rank: The Holographic Encoding of Learned Algorithms Yongzhong Xu∗ February 20, 2025 Abstract Grokking—the abrupt transition from memorization to generalization after extended training— has been linked to the emergence of structured, low-dimensional representations. Claim: These results show that learned algorithms are encoded through dynamically coordinated updates spanning all matrices, rather than localized low-rank components. Supporting result: These results show that learned algorithms are encoded through dynamically coordinated updates spanning all matrices, rather than through localized low-rank components. Claim: Grokking -- the abrupt transition from memorization to generalization after extended training -- has been linked to the emergence of low-dimensional structure in learning… Supporting result: Our three-scale sweep shows a weak trend towardlowerk ∗ at larger scale, but more data points are needed. 7.3 Conclusion We have established a duality in the geometry of grokked solutions: the learning trajectory is low- dimensional (3–5 PCs), but the learned parameters are locally full-rank (80–100+ SVD components per matrix).
audited	w_27f0a0911b68ee3a	Gradient-based learning drives robust representations in recurrent neural networks by balancing compression and expansion	INCLUDE	explicit-claims-results	929	169	0	0	Title: Gradient-based learning drives robust representations in recurrent neural networks by balancing compression and expansion. Claim: Training compresses within-class activity into low-dimensional attractors. Supporting result: The recurrent state selectively collapses within-class variation while preserving class separation used by the trained readout; fixed-point/chaotic-attractor analyses and held-out-cluster tests show preserved or improved task performance, with an explicit setting where compression is not necessary retained as a limitation. Claim: Learning reorganizes recurrent activity through expansion and compression as training samples accumulate. Supporting result: Training-sample trajectories pair changes in effective dimension and attractor organization with classification and held-out-cluster performance across 30 network/input realizations, full/minibatch controls, and additional MNIST experiments.
audited	w_0c4ffd6cc3a55132	GrokAlign: Geometric Characterisation and Acceleration of Grokking	EXCLUDE	explicit-claims-results	1144	208	0	0	Title: GrokAlign: Geometric Characterisation and Acceleration of Grokking. Claim: Prior work has associated phenomena like delayed generalisation with the transition of a deep network from a linear to a feature learning regime, and… Supporting result: Prior work has associated phenomena like delayed generalisation with the transition of a deep network from a linear to a feature learning regime, and emergent robustness with changes to the network’s functional geometry, in particular the arrangement of the so-called linear regions in deep networks employing continuous piecewise affine nonlinearities. Claim: A key challenge for the machine learning community is to understand and accelerate the training dynamics of deep networks that lead to delayed generalisation… Supporting result: Prior work has associated phenomena like delayed generalisation with the transition of a deep network from a linear to a feature learning regime, and emergent robustness with changes to the network’s functional geometry, in particular the arrangement of the so-called linear regions in deep networks employing continuous piecewise affine nonlinearities.
audited	w_2dc38e0d59add635	Grokfast: Accelerated Grokking by Amplifying Slow Gradients	EXCLUDE	explicit-claims-results	889	203	0	0	Title: Grokfast: Accelerated Grokking by Amplifying Slow Gradients. Claim: The experiments show that our algorithm, dubbed Grokfast, applies to diverse tasks involving images, languages, and graphs across various architectures including Transformers, MLPs, RNNs,… Supporting result: Our GROKFAST is a simple algorithmic modification upon existing optimizers to pull forward the time of event of sudden generalization after overfitting, also known as the grokking phenomenon. Claim: One puzzling artifact in machine learning, dubbed grokking, refers to the case where a model exhibits delayed generalization long after it reaches near-perfect memorization… Supporting result: Unified view of grokking, double descent and emergent abilities: A perspective from circuits competition. arXiv preprint arXiv:2402.15175, 2024. 1, 9 Ahmed Imtiaz Humayun, Randall Balestriero, and Richard Baraniuk.
audited	w_afad86afa06c34cd	Grokked Models are Better Unlearners	EXCLUDE	explicit-claims-results	1394	295	0	0	"Title: Grokked Models are Better Unlearners. Claim: Analyses of features and curvature further suggest that post-grokking models learn more modular representations with reduced gradient alignment between forget and retain subsets, which… Supporting result: Our results highlightwhena model is trained (pre - vs. post-grokking) as an orthog- onal lever tohowunlearning is performed, providing a practical recipe to improve existing unlearning methods without altering their algorithms. 1 INTRODUCTION The rise of machine learning has brought transformative advancements across domains, yet this progress comes with growing concerns about data privacy, regulatory compliance (e.g., GDPR, CCPA), and the ""right to be forgotten."" Traditional machine learning models stubbornly retain information from their training data, making selective data removal challenging without costly retraining. Claim: Grokking-delayed generalization that emerges well after a model has fit the training data-has been linked to robustness and representation quality. Supporting result: Preprint GROKKEDMODELS AREBETTERUNLEARNERS Yuanbang Liang School of Computer Science and Informatics Cardiff University liangy32@cardiff.ac.uk Yang Li yli.ml.research@gmail.com ABSTRACT Grokking—delayed generalization that emerges well after a model has fit the training data—has been linked to robustness and representation quality."
audited	w_5230ec460b7adaac	Grokked Transformers are Implicit Reasoners: A Mechanistic Journey to the Edge of Generalization	EXCLUDE	explicit-claims-results	1210	233	0	0	Title: Grokked Transformers are Implicit Reasoners: A Mechanistic Journey to the Edge of Generalization. Claim: The levels of generalization also vary across reasoning types: when faced with out-of-distribution examples, transformers fail to systematically generalize for composition but succeed for… Supporting result: It implies the models’ limitations in induc- ing structured and compressed representations of facts and rules, which lead to redundant knowledge storage and difficulty in propagating knowledge updates [76], and importantly, fundamentally impede the model from systematic generalization over knowledge [25]. Claim: Focusing on two representative reasoning types, composition and comparison, we consistently find that transformers can learn implicit reasoning, but only through grokking, i.e., extended… Supporting result: We delve into the model’s internals throughout training, conducting analytical exper- iments that reveal: 1) the mechanism behind grokking, such as the formation of the generalizing circuit and its relation to the relative efficiency of generalizing and memorizing circuits, and 2) the connection between systematicity and the configuration of the generalizing circuit.
audited	w_35bf58ca4093d76e	Grokking and epoch-wise double descent in quantum neural networks	INCLUDE	explicit-claims-results	1565	288	0	0	Title: Grokking and epoch-wise double descent in quantum neural networks. Claim: Generalization uses a sparse phase-aligned harmonic representation in place of the earlier dense solution. Supporting result: The learned output representation retains the task boundary with fewer active Fourier components, while weight-norm control preserves both the sparse state and its generalization benefit. Claim: A rapid internal representation transition accompanies the sudden generalization transition. Supporting result: Fourier sparsification and leave-one-out stability change at the grokking event alongside test error; 128-seed depth and hyperparameter series replicate the paired transition and regularization controls its persistence. Claim: In this work, we report the empirical observation of both the grokking transition and epoch-wise double descent in a two-qubit quantum neural network (QNN)… Supporting result: While the macroscopic signatures of grokking and double descent observed in this work share phe- nomenological similarities with classical deep learning, their manifestation in variational quantum circuits is fundamentally shaped by the non-Euclidean geometry of the parameter space. Claim: Depth and training time control a dense-to-sparse internal solution change paired with grokking. Supporting result: Depths one through ten and long checkpoint trajectories connect the Fourier reorganization to test-error and stability transitions across 128 independent initializations; regularization and initialization sweeps move or stabilize the regime.
audited	w_9db7d6568bb89686	Grokking as a First Order Phase Transition in Two Layer Networks	INCLUDE	explicit-claims-results	568	107	0	0	Title: Grokking as a First Order Phase Transition in Two Layer Networks. Claim: Grokking maps to a first-order representation-learning transition. Supporting result: The internal order parameter and performance jump at the same predicted boundary, validated with up to 200 networks and 50 initialization/data seeds. Claim: Sample size, noise, and width control qualitatively different learned features. Supporting result: Analytic order parameters and ensembles of trained networks connect control scaling to internal teacher-feature specialization and generalization.
audited	w_8a9381903c1dcd61	Grokking as an entanglement transition in tensor network machine learning	INCLUDE	explicit-claims-results	718	140	0	0	Title: Grokking as an entanglement transition in tensor network machine learning. Claim: Eigenvalue evaporation and sharp entropy reduction coincide with grokking. Supporting result: The rapid internal transition recurs across multiple binary classifications and a distinct biological dataset, with initial-volume-law and non-grokking community controls delimiting the behavioral relationship. Claim: Training changes tensor-network representations from volume-law to sub-volume-law organization. Supporting result: Sweep-by-sweep entropy, spectrum, and classification measurements pair the entanglement reorganization with held-out performance across Fashion-MNIST comparisons and independent gene-expression cohorts.
audited	w_445558f210a709ae	Grokking as Dimensional Phase Transition in Neural Networks	EXCLUDE	explicit-claims-results	1460	314	0	0	Title: Grokking as Dimensional Phase Transition in Neural Networks. Claim: Grokking as Dimensional Phase Transition in Neural Networks. Supporting result: Larger avalanches indicate more parameters are effec- tively coupled; This implements the condensed matter paradigm of probing internal correlations throughrelax- ation response: the avalanche is the system’s relaxation to above-threshold perturbations, and its size quantifies the spatial extent of this relaxation. Claim: Crucially, $D$ reflects \textbf{gradient field geometry}, not network architecture: synthetic i.i.d.\ Gaussian gradients maintain $D \approx 1$ regardless of graph topology, while real training… Supporting result: This sharp phase transition is puzzling: stan- dard learning theory does not predict why a network that already fits the training data perfectly [2] should later improve further on a test set, let alone why this improvement occurs abruptly rather than gradually. Claim: Through finite-size scaling of gradient avalanche dynamics across eight model scales, we find that grokking is a \textit{dimensional phase transition}: effective dimensionality~$D$ crosses from… Supporting result: Through finite-size scaling of gradient avalanche dynamics across eight model scales, we find that grokking is adimensional phase transition: effective dimen- sionalityDcrosses from sub-diffusive (subcritical,D 1) at generalization onset, exhibiting self-organized criticality (SOC).
audited	w_2b77293cdef4c93f	Grokking as Structural Inference: Transformers Need Bayesian Lottery Tickets	INCLUDE	explicit-claims-results	1469	276	0	0	Title: Grokking as Structural Inference: Transformers Need Bayesian Lottery Tickets. Claim: Existing accounts locate this delay in norm minimization, feature emergence, or the late discovery of sparse subnetworks. Supporting result: Existing accounts locate this delay in norm minimization, feature emergence, or the late discovery of sparse subnetworks. Claim: Experiments on algorithmic sequence tasks isolate structure from capacity and show that this Bayesian ticket matches or outperforms lottery-ticket transfer. Supporting result: Experiments on algorithmic sequence tasks isolate structure from capacity and show that this Bayesian ticket matches or outperforms lottery-ticket transfer. 1 Introduction Generalization is the central desideratum of machine learning, yet the mechanisms by which it emerges remain only partially understood. Claim: The transformer learns a task-graph attention structure used for Bayesian inference. Supporting result: The graph is neither wired into attention nor supplied as a label, is characterized by a formal Bayesian model, and KL-targeted intervention changes the learned inference and generalization trajectory. Claim: Attention reorganizes from memorization to structural inference during training. Supporting result: Checkpoint, task-size, and initialization controls show attention condensing onto the latent task graph before generalization; the derived waiting-time law and norm/KL controls track the paired behavior.
audited	w_7d49d4691f9f672f	Grokking as the Transition from Lazy to Rich Training Dynamics	EXCLUDE	explicit-claims-results	993	197	0	0	Title: Grokking as the Transition from Lazy to Rich Training Dynamics. Claim: We identify sufficient statistics for the test loss of such a network, and tracking these over training reveals that grokking arises in this setting… Supporting result: We identify sufficient statistics for the test loss of such a network, and track- ing these over training reveals that grokking arises in this setting when the network first attempts to fit a kernel regression solution with its initial features, followed by late-time feature learning where a generalizing solution is identified after train loss is already low. Claim: Grokking as the Transition from Lazy to Rich Training Dynamics. Supporting result: Gershman ∗ Cengiz Pehlevan∗ Harvard University ABSTRACT We propose that the grokking phenomenon, where the train loss of a neural net- work decreases much earlier than its test loss, can arise due to a neural network transitioning from lazy training dynamics to a rich, feature learning regime.
audited	w_adc88773b79a9aaa	Grokking Beyond Addition: Circuit-Level Analysis of Algebraic Learning in Transformers	EXCLUDE	explicit-claims-results	514	109	0	0	Title: Grokking Beyond Addition: Circuit-Level Analysis of Algebraic Learning in Transformers. Claim: Prior mechanistic interpretability work has shown that transformers trained on modular addition learn Fourier-based clock circuits and exhibit delayed generalisation (grokking). Supporting result: Pre-grokking Peter–Weyl circuit formation.Non-abelian models that memorised but did not generalise already show the correct predicted dominant irrep, indicating that circuit formation begins before grokking (§5). 4.
audited	w_055282d4fa8fa8da	Grokking Beyond the Euclidean Norm of Model Parameters	INCLUDE	explicit-claims-results	720	134	0	0	Title: Grokking Beyond the Euclidean Norm of Model Parameters. Claim: Grokking selects sparse or low-rank functional solutions from overparameterized alternatives. Supporting result: The learned reduced solutions reconstruct the target rules and preserve held-out accuracy, while matched non-Euclidean regularizers control which compact structure and generalization regime develops. Claim: Training time, regularizer, depth, and data control sparse or low-rank solution formation during grokking. Supporting result: Checkpoint and hyperparameter series connect qualitative parameter organization to the delayed transition from memorization to test generalization across modular-arithmetic and matrix-completion settings.
audited	w_81d6e36f6ecc9ed2	Grokking Finite-Dimensional Algebra	EXCLUDE	explicit-claims-results	1294	287	0	0	Title: Grokking Finite-Dimensional Algebra. Claim: This paper investigates the grokking phenomenon, which refers to the sudden transition from a long memorization to generalization observed during neural networks training, in… Supporting result: Grokking Finite-Dimensional Algebra Pascal Jr Tikeng Notsawo 1 2 Guillaume Dumas 1 2 3 Guillaume Rabusseau 1 2 4 Abstract This paper investigates the grokking phenomenon, which refers to the sudden transition from a long memorization to generalization observed during neural networks training, in the context of learn- ing multiplication in finite-dimensional algebras (FDA). Claim: This paper investigates the grokking phenomenon, which refers to the sudden transition from a long memorization to generalization observed during neural networks training, in… Supporting result: By contrast, for F=R , a model that operates directly on (u,v)∈F n ×F n and parameterizes a (bi)linear map can often fit without a prolonged representation-formation phase; grokking (in the strict “delayed generalization after memorization” sense) typically requires being induced via, e.g., large-scale initialization with small weight decay (Liu et al., 2023; Lyu et al., 2024) or by strongly misaligning the Neural Tangent Kernel with the target (Kumar et al., 2024).
audited	w_1dc233460f682f8e	Grokking Group Multiplication with Cosets	EXCLUDE	explicit-claims-results	468	102	0	0	Title: Grokking Group Multiplication with Cosets. Claim: There have been many techniques developed to interpret deep neural networks, but all have substantial limitations. Supporting result: There have also been encouraging early successes in finding in- terpretable circuits within real-world models [ 18, 32, 35, 44, 57], but there is already work emerging that illustrates how neural networks can resist common “mechanistic inter- pretability” methods [14, 34, 60].
audited	w_4c3b5856ae66ad33	Grokking in Linear Models for Logistic Regression	EXCLUDE	explicit-claims-results	466	95	0	0	Title: Grokking in Linear Models for Logistic Regression. Claim: Grokking, the phenomenon of delayed generalization, is often attributed to the depth and compositional structure of deep neural networks. Supporting result: Overall, our results demonstrate that grokking does not require depth or representation learning, and can emerge even in linear models through the dynamics of the bias term. *Equal contribution 1Indian Institute of Technol- ogy Madras, Chennai.
audited	w_d12533ac9aa3bdae	Grokking in LLM Pretraining? Monitor Memorization-to-Generalization without Test	EXCLUDE	explicit-claims-results	847	163	0	0	Title: Grokking in LLM Pretraining? Monitor Memorization-to-Generalization without Test. Claim: Unlike existing works studying when a small model generalizes to limited and specified tasks during thousands epochs' training on algorithmic data, we focus on… Supporting result: While grokking indicates a transition from memorization to generalization [11], it challenges our fundamental understanding of training dynamics and the underlying mechanism of generalization. Claim: Specifically, we investigate when an LLM memorizes the training data, when its generalization on downstream tasks starts to improve, and what happens if there… Supporting result: While grokking indicates a transition from memorization to generalization [11], it challenges our fundamental understanding of training dynamics and the underlying mechanism of generalization.
audited	w_27942ed36ff06a48	Grokking in the Ising model	EXCLUDE	explicit-claims-results	797	150	0	0	Title: Grokking in the Ising model. Claim: Partially with the aid of novel PCA-based network layer analysis techniques, the observed behavior is interpreted as a transition from a connected network to… Supporting result: This suggests an analogy with a CNN in which the initial network layers contain many active neurons and accordingly capture the fine structure of the input data while the final, sparse, layers process averaged, global, features of the dat a. Claim: Delayed generalization, termed grokking, in a machine learning calculation occurs when the increase in test accuracy is delayed relative to the training accuracy. Supporting result: As grokking begins, however, a transition occurs that organizes the activation vectors into distinct clusters corresponding to energy categories.
audited	w_7636520e4c22ae54	Grokking in the Wild: Data Augmentation for Real-World Multi-Hop Reasoning with Transformers	EXCLUDE	explicit-claims-results	1424	335	0	0	Title: Grokking in the Wild: Data Augmentation for Real-World Multi-Hop Reasoning with Transformers. Claim: Transformers have achieved great success in numerous NLP tasks but continue to exhibit notable gaps in multi-step factual reasoning, especially when real-world knowledge is… Supporting result: When evaluated on multi-hop reason- ing benchmarks, our approach achieves up to 95– 100% accuracy on 2WikiMultiHopQA – substan- tially improving over strong baselines and match- ing or exceeding current state-of-the-art results. Claim: In this paper, for the first time, we extend grokking to real-world factual data and address the challenge of dataset sparsity by augmenting existing… Supporting result: In these toy settings, the number of inferred facts (i.e., multi- step or composed patterns) can be systematically increased until a threshold ratio ϕ is reached, at which point a “gener- alizing circuit” emerges in the model (Belkin et al., 2019; Nakkiran et al., 2020; Thilak et al., 2022; Humayun et al., 2023; Nanda et al., 2023). Claim: We further provide an in-depth analysis of how increasing $\phi_r$ drives the formation of generalizing circuits inside Transformers. Supporting result: Surprisingly, we find that even factually incorrect synthetic data can strengthen emergent reasoning circuits rather than degrade accuracy, as it forces the model to rely on relational structure rather than mem- orization.
audited	w_9db09dfae393db2b	Grokking Modular Polynomials	EXCLUDE	explicit-claims-results	255	52	0	0	Title: Grokking Modular Polynomials. Claim: This limitation remains unmoved by the choice of architecture and training strategies. Supporting result: Droplets of good representations: Grokking as a first order phase transition in two layer networks, 2023.
audited	w_9060ed95d2a7d552	Grokking of Implicit Reasoning in Transformers: A Mechanistic Journey to the Edge of Generalization	EXCLUDE	explicit-claims-results	490	96	0	0	Title: Grokking of Implicit Reasoning in Transformers: A Mechanistic Journey to the Edge of Generalization. Claim: The levels of generalization also vary across reasoning types: when faced with out-of-distribution examples, transformers fail to systematically generalize for composition but succeed for… Claim: Focusing on two representative reasoning types, composition and comparison, we consistently find that transformers can learn implicit reasoning, but only through grokking , i.e.,…
audited	w_0299d6e9ee8584a8	Grokking via Implicit Path Norm Minimization: A Theoretical Mechanism	EXCLUDE	explicit-claims-results	962	181	0	0	"Title: Grokking via Implicit Path Norm Minimization: A Theoretical Mechanism. Claim: In this paper, we characterize grokking as a sharp crossover driven by the implicit regularization of gradient flow. Supporting result: Grokking via Implicit Path Norm Minimization: A Theoretical Mechanism Sittiphol Phanvilai June 2026 Abstract The phenomenon of ”grokking”—where overparameterized neural networks exhibit delayed generalization long after achieving perfect training accuracy—remains a fundamental mystery in deep learning theory. Claim: The phenomenon of ""grokking""—where overparameterized neural networks exhibit delayed generalization long after achieving perfect training accuracy—remains a fundamental mystery in deep learning theory. Supporting result: While empirical studies have characterized grokking as a transition from memorization to structured representation, a unified mathematical proof linking this to optimization theory has remained elusive."
audited	w_693b9d7d5ee66702	Guiding Grokking: How Curriculum Learning Shapes Algorithmic Understanding in Neural Networks	EXCLUDE	explicit-claims-results	585	105	0	0	Title: Guiding Grokking: How Curriculum Learning Shapes Algorithmic Understanding in Neural Networks. Claim: In contrast, operations like modular division and permutation show minimal improvement, with validation accuracies below 20% across all curricula. Claim: Understanding how neural networks suddenly achieve strong generalization after extended training (grokking) remains a fundamental challenge in deep learning. Claim: Understanding how neural networks suddenly achieve strong generalization after extended training (grokking) remains a fundamental challenge in deep learning.
audited	w_97e9a7de7a56a516	Harmonic Loss Trains Interpretable AI Models	EXCLUDE	explicit-claims-results	291	58	0	0	Title: Harmonic Loss Trains Interpretable AI Models. Claim: Harmonic Loss Trains Interpretable AI Models. Supporting result: Moreover, we compare a GPT-2 model trained with harmonic loss to the standard GPT-2, illustrating that the harmonic model develops more interpretable representations.
audited	w_06d338196c012d5f	Hierarchical Latent Structures in Data Generation Process Unify Mechanistic Phenomena across Scale	EXCLUDE	explicit-claims-results	603	127	0	0	Title: Hierarchical Latent Structures in Data Generation Process Unify Mechanistic Phenomena across Scale. Claim: Hierarchical Latent Structures in Data Generation Process Unify Mechanistic Phenomena across Scale. Supporting result: search question:Can suitably parametrized, hi- erarchical data-generation models explain the co-emergence of mechanistic phenomena across different scales?We utilize probabilistic context- free grammars (PCFGs) as the underlying data gen- eration process to analyze the emergence of three well-known mechanisms: induction heads, func- tion vectors, and the Hydra effect.
audited	w_a3b0abb58a5c08a7	Higher Embedding Dimension Creates a Stronger World Model for a Simple Sorting Task	EXCLUDE	explicit-claims-results	1303	235	0	0	"Title: Higher Embedding Dimension Creates a Stronger World Model for a Simple Sorting Task. Claim: Higher Embedding Dimension Creates a Stronger World Model for a Simple Sorting Task. Supporting result: Our contributions are as follows: • We introduce sorting as a reinforcement learning testbed for mechanistic interpretability. • We provide an empirical study showing that increasing embedding dimension substantially improves representation faithfulness, consistency, and robustness. • We identify two consistent patterns—a global order encoding in attention weights and largest difference selection rule—that explain agent behavior. • We release metrics and methodology for evaluating alignment between hypothesized mechanisms and model internals. 2 Related Works 2.1 Transformer-based world models in reinforcement learning Recent research has explored the use of transformer architectures to build world models that enhance data efficiency in RL. Claim: We investigate how embedding dimension affects the emergence of an internal ""world model"" in a transformer trained with reinforcement learning to perform bubble-sort-style adjacent… Supporting result: In particular, higher embedding dimensions strengthen the formation of structured internal representation and lead to better interpretability."
audited	w_cbbadc97bc1c553c	Hippocampal representations emerge when training recurrent neural networks on a memory dependent maze navigation task	INCLUDE	explicit-claims-results	949	183	0	0	Title: Hippocampal representations emerge when training recurrent neural networks on a memory dependent maze navigation task. Claim: A recurrent network learns an allocentric attractor map and reward-directed trajectory manifold without location or direction labels. Supporting result: The learned state is formally characterized through place fields, attractor geometry, decoding, and forward-sweep trajectories; Q-only and combined-objective controls show that maintaining and reusing the predictive map supports path selection and reward behavior. Claim: Predictive and reward-learning objectives produce distinct hippocampal-like state organizations. Supporting result: Predictive pretraining, combined predictive/Q learning, and Q-only controls reorganize recurrent states from a sensory attractor map into reward-directed sweeps and task-selective activity, with faster successful navigation across ten initial conditions and randomized walls.
audited	w_040112c409ede931	Holographic Knowledge Manifolds: A Novel Pipeline for Continual Learning Without Catastrophic Forgetting in Large Language Models	EXCLUDE	explicit-claims-results	1597	340	0	0	Title: Holographic Knowledge Manifolds: A Novel Pipeline for Continual Learning Without Catastrophic Forgetting in Large Language Models. Claim: We introduce the Holographic Knowledge Manifold (HKM), a four-phase pipeline that achieves zero catastrophic forgetting in AI knowledge representation while maintaining minimal memory growth… Supporting result: In experiments on combined WikiText and FB15k datasets (scaled to 2,997 nodes), we demonstrate industry-leading performance: 0% forgetting (∞ improvement over GEM baselines), 3× compression, and 53% training time reduction on consumer GPU hardware. Claim: Holographic Knowledge Manifolds: A Novel Pipeline for Continual Learning Without Catastrophic Forgetting in Large Language Models. Supporting result: Our approach draws from intimate details of model training, such as the role of sparse activations in mixture-of-experts (MoE) architectures and emergent scaling laws observed in hyperscale regimes, hypothesizing a future where LLMs evolve beyond static pre-training toward symbiotic, manifold-based adaptation. Claim: In experiments on combined WikiText and FB15k datasets (scaled to 2,997 nodes), we demonstrate industry-leading performance: 0% forgetting (infinite improvement over GEM baselines), 3x… Supporting result: Our approach draws from intimate details of model training, such as the role of sparse activations in mixture-of-experts (MoE) architectures and emergent scaling laws observed in hyperscale regimes, hypothesizing a future where LLMs evolve beyond static pre-training toward symbiotic, manifold-based adaptation.
audited	w_92e7bb6a674a7aa3	How Attention Sinks Emerge in Large Language Models: An Interpretability Perspective	EXCLUDE	explicit-claims-results	633	125	0	0	Title: How Attention Sinks Emerge in Large Language Models: An Interpretability Perspective. Claim: This mechanism serves as the basis for the attention sink on position zero. Supporting result: While this pattern might initially seem relevant to the emergence of the position-zero (P0) sink, head-level ablation studies suggest otherwise. Claim: Furthermore, by analyzing training traces from a 30B A3B MoE model trained from scratch, we find that this mechanism emerges early in training and… Supporting result: As a result, the final layer in which the sink-related circuit emerges shows no consistent pattern across model scales.
audited	w_8d71fca6fabfe6c0	How do language models learn facts? Dynamics, curricula and hallucinations	INCLUDE	explicit-claims-results	702	126	0	0	Title: How do language models learn facts? Dynamics, curricula and hallucinations. Claim: Training constructs an attention-based factual-recall circuit. Supporting result: The token-routing circuit is learned rather than supplied, is characterized by name-grouping and extraction attention, and checkpoint attention patching removes the learning plateau and changes recall acquisition. Claim: Factual learning passes through three phases while recall circuits form during the plateau. Supporting result: Training checkpoints, population size, data distribution, model size, sequence mixer, and hyperparameter controls link attention-circuit development to later knowledge acquisition across five seeds.
audited	w_83ff2605b95d13cd	How Do LLMs Acquire New Knowledge? A Knowledge Circuits Perspective on Continual Pre-Training	INCLUDE	explicit-claims-results	824	141	0	0	Title: How Do LLMs Acquire New Knowledge? A Knowledge Circuits Perspective on Continual Pre-Training. Claim: A checkpoint-localized circuit turning point separates formation from optimization behavior. Supporting result: Circuit entropy and structural consistency change regime at architecture-specific checkpoints; post-transition aligned topologies attain substantially higher standalone recall, and four model families plus relation/frequency controls reproduce the paired shift. Claim: Continual-pretraining time and model scale control a formation-to-optimization change in knowledge circuits. Supporting result: Checkpoint trajectories in four model architectures connect circuit entropy, topology, specialized heads, and layerwise information flow to factual-recall performance under relevance and frequency controls.
audited	w_988674ea0e8c1cb7	How Does Controllability Emerge In Language Models During Pretraining?	INCLUDE	explicit-claims-results	585	100	0	0	Title: How Does Controllability Emerge In Language Models During Pretraining?. Claim: Concept control becomes accessible through low-complexity linear transformations. Supporting result: A reduced linear control representation selectively changes the target concept; intervention and finetuning comparisons tie representation quality to generation behavior. Claim: Linear steerability emerges at distinct stages of pretraining. Supporting result: Checkpoint analyses connect increasing hidden-state separability to the onset of concept steering across model families and concept pairs.
audited	w_6d9aedbcf0365751	How Does Unfaithful Reasoning Emerge from Autoregressive Training? A Study of Synthetic Experiments	INCLUDE	explicit-claims-results	645	113	0	0	Title: How Does Unfaithful Reasoning Emerge from Autoregressive Training? A Study of Synthetic Experiments. Claim: Reasoning faithfulness changes sharply beyond a critical noise threshold. Supporting result: Multiple noise regimes and seeds pair the behavioral threshold with transient entropy and hidden-state differentiation; complexity and shortcut controls support the proposed mechanism. Claim: Training moves models through faithful, mixed, and skip-step reasoning modes. Supporting result: Noise and checkpoint sweeps link hidden-state uncertainty organization to counterfactual faithfulness behavior in controlled synthetic transformers.
audited	w_c0722915b2be1f88	How to Tame Grokking: Representation Geometry as a Control Signal	INCLUDE	explicit-claims-results	1170	222	0	0	Title: How to Tame Grokking: Representation Geometry as a Control Signal. Claim: Effective dimensionality stays high, then undergoes a sharp collapse. Supporting result: Low-rank spectral regularization directly reduces hidden dimensionality and preserves or accelerates generalization across target-dimension, timing, architecture, and task sweeps. Claim: Unsmoothed trajectories contain abrupt geometric reorganizations. Supporting result: A narrow training interval contains coordinated layerwise transitions followed by accuracy jumps; direct geometry interventions move transition time reproducibly across seeds. Claim: How to Tame Grokking: Representation Geometry as a Control Signal. Supporting result: These works largely treat representation geometry as an emergent property of learning, whereas our goal is to in- vestigate whether geometry can be directly manipulated to control grokking dynamics. Claim: Deep representations reorganize rapidly near the grokking transition. Supporting result: Layerwise checkpoint trajectories connect a qualitative geometry change to generalization across three tasks, MLPs, transformers, and five-to-ten seeds per setting.
audited	w_e93a08062ac7d030	How Transformers Learn Causal Structure with Gradient Descent	INCLUDE	explicit-claims-results	1177	219	0	0	Title: How Transformers Learn Causal Structure with Gradient Descent. Claim: The incredible success of transformers on sequence modeling tasks can be largely attributed to the self-attention mechanism, which allows information to be transferred between… Supporting result: Lee Princeton University August 14, 2024 Abstract The incredible success of transformers on sequence modeling tasks can be largely at- tributed to the self-attention mechanism, which allows information to be transferred between different parts of a sequence. Claim: The transformer learns the latent causal graph as an attention computation. Supporting result: The graph is hidden from the model, the learned attention matrix is formally proved to converge to its adjacency through mutual-information gradients, and the forward-pass construction uses it for in-context transition estimation and OOD prediction. Claim: Gradient descent progressively aligns first-layer attention with a latent causal graph. Supporting result: Training dynamics, sequence-length, graph, and prior controls connect adjacency recovery to in-context prediction; end-to-end theory establishes the optimization-to-behavior link.
audited	w_e929aef5f663e086	How Transformers Learn Regular Language Recognition: A Theoretical Study on Training Dynamics and Implicit Bias	EXCLUDE	explicit-claims-results	449	77	0	0	Title: How Transformers Learn Regular Language Recognition: A Theoretical Study on Training Dynamics and Implicit Bias. Claim: How Transformers Learn Regular Language Recognition: A Theoretical Study on Training Dynamics and Implicit Bias. Supporting result: This is achieved by carefully designing the scaling factor in the attention mechanism, which not only stabilizes training but also underscores its critical role in transformer architectures.
audited	w_3addefc2ae588ee1	How Transformers Learn to Plan via Multi-Token Prediction	INCLUDE	explicit-claims-results	771	135	0	0	Title: How Transformers Learn to Plan via Multi-Token Prediction. Claim: Multi-token training learns a reverse-reasoning predecessor representation that is used for planning. Supporting result: The circuit is not supplied in the graph task, is formally derived from the gradient dynamics, and its learned attention computation retrieves predecessor relations that produce the planned path; next-token and objective controls do not form the same solution. Claim: Training objective and capacity determine whether a transformer develops a planning circuit. Supporting result: Multi-token versus next-token training, checkpoint, capacity, and data controls connect the formation of predecessor/content attention structure to successful reverse planning across repeated runs.
audited	w_6fc4c4ab9c9916f7	Hysteresis, neural avalanches, and critical behavior near a first-order transition of a spiking neural network	INCLUDE	explicit-claims-results	1211	253	0	0	Title: Hysteresis, neural avalanches, and critical behavior near a first-order transition of a spiking neural network. Claim: Crossing the pseudo-spinodal produces an abrupt first-order transition into collective pattern replay. Supporting result: The identified drive control produces a discontinuous firing-rate and spatiotemporal-order transition; reverse sweeps, multiple noise levels, three system sizes, finite-size avalanche collapse, and predicted exponent relations replicate the internal/behavioral boundary. Claim: However, the mechanism at the basis of these observations is still not clear. Supporting result: We found that the network shows a ﬁrst order transition between a low spiking rate disordered state (down), and a high rate state characterized by the emergence of collective activity and the replay of one of the stored patterns (up). Claim: External drive, noise, and size control a disordered-to-pattern-replay organization. Supporting result: Drive ramps, noise sweeps, and finite-size series connect the learned network's low-rate state, metastable alternation, and collective attractor replay to stored-pattern behavior, with hysteresis and avalanche controls delimiting the regimes.
audited	w_4c4c957af0f57b2d	Identifying Semantic Induction Heads to Understand In-Context Learning	EXCLUDE	explicit-claims-results+abstract-fallback	1197	217	0	0	Title: Identifying Semantic Induction Heads to Understand In-Context Learning. Abstract fallback: Although large language models (LLMs) have demonstrated remarkable performance, the lack of transparency in their inference logic raises concerns about their trustworthiness. To gain a better understanding of LLMs, we conduct a detailed analysis of the operations of attention heads and aim to better understand the in-context learning of LLMs. Specifically, we investigate whether attention heads encode two types of relationships between tokens present in natural languages: the syntactic dependency parsed from sentences and the relation within knowledge graphs. We find that certain attention heads exhibit a pattern where, when attending to head tokens, they recall tail tokens and increase the output logits of those tail tokens. More crucially, the formulation of such semantic induction heads has a close correlation with the emergence of the in-context learning ability of language models. The study of semantic attention heads advances our understanding of the intricate operations of attention heads in transformers, and further provides new insights into the in-context learning of LLMs.
audited	w_86f10686a7226020	ILDR: Geometric Early Detection of Grokking	INCLUDE	explicit-claims-results	550	120	0	0	Title: ILDR: Geometric Early Detection of Grokking. Claim: Post-grokking representational variance drops by 1,696 times. Supporting result: A fixed held-out threshold detects a sharp inter/intra-class geometry transition; eight-seed replication and bidirectional interventions link it to behavior. Claim: Held-out representation geometry reorganizes before grokking. Supporting result: Checkpointed ILDR trajectories lead generalization on modular arithmetic and permutation composition across eight seeds, and optimizer interventions move the onset.
audited	w_27485161163b4c42	Information-Theoretic Progress Measures reveal Grokking is an Emergent Phase Transition	EXCLUDE	explicit-claims-results	724	137	0	0	Title: Information-Theoretic Progress Measures reveal Grokking is an Emergent Phase Transition. Claim: Information-Theoretic Progress Measures reveal Grokking is an Emergent Phase Transition. Supporting result: Introduction Grokking is a phenomenon where neural networks during training suddenly generalize after prolonged memorization with limited progress in the loss. Claim: To understand this phase transition, we utilize higher-order mutual information to analyze the collective behavior (synergy) and shared properties (redundancy) between neurons during training. Supporting result: First, the reliance on human effort to identify circuits prevents scaling to larger mod- els and it is susceptible to subjective bias.
audited	w_0f0102a18c705ec7	Interpreting Emergent Features in Deep Learning-based Side-channel Analysis	EXCLUDE	explicit-claims-results	1575	308	0	0	Title: Interpreting Emergent Features in Deep Learning-based Side-channel Analysis. Claim: Our results show that mechanistic interpretability can scale to realistic SCA settings, even when relevant inputs are sparse, model accuracies are low, and side-channel… Supporting result: Our results show that mechanistic interpretability can scale to realistic SCA settings, even when relevant inputs are sparse, model accuracies are low, and side-channel protections prevent standard input interventions. 1 Introduction Side-channel analysis (SCA) is a realistic security threat that consists of diverse methods that allow for the extraction and exploitation of unintentionally observable information of internally processed data [23]. Claim: We focus on sudden jumps in performance to reverse engineer learned representations, ultimately recovering secret masks and moving the evaluation process from black-box to… Supporting result: As these sudden changes in performance suggest significant changes in the neural network’s behavior during training, they are shown to be useful for discerning features [56]. Claim: In this work, we apply mechanistic interpretability to neural networks trained for SCA, revealing \textit{how} models exploit \textit{what} leakage in side-channel traces. Supporting result: These works showcase that interpretable algorithms are learned during discrete phase transitions, aligned with the neural scaling law from [28], which states that network training is a collection of discrete ‘quanta’ that correspond to (potentially interpretable) circuits.
audited	w_ad515c0bfb86662d	Interpreting Emergent Planning in Model-Free Reinforcement Learning	EXCLUDE	explicit-claims-results	512	113	0	0	Title: Interpreting Emergent Planning in Model-Free Reinforcement Learning. Claim: We also show that the emergence of these plans coincides with the emergence of a planning-like property: the ability to benefit from additional test-time… Supporting result: (a) CA (b) CB Figure 35: Macro F1 scores achieved when training 1x1 probes to predict (a) CA and (b) CB using the agent’s cell state activations at each layer at checkpoints every 1 million transitions over the first 50 million transitions of training. 50
audited	w_4c22283998c8f0ca	Interpreting Physics in Video World Models	EXCLUDE	explicit-claims-results	2021	392	0	0	Title: Interpreting Physics in Video World Models. Claim: Using layerwise probing, subspace geometry, patch-level decoding, and targeted attention ablations, we characterize where physical information becomes accessible and how it is organized within… Supporting result: Physics-engine assumption Interpretability prediction Our finding Staged derivation Acceleration is derived from velocity interme- diates Acceleration is decodable at the same stage as velocity without an explicit intermediate velocity state (Sec. 5.2) Cartesian representation Motion encoded as(v x, vy) Polar factorization (speed, direction) domi- nates (Sec. 5.3) Shared latent physics Motion variables reused across physical tasks Direction and intuitive-physics subspaces are nearly orthogonal (Sec. 6.2) Compact state variables Motion variables occupy low-dimensional sub- spaces Direction spans tens of approximately or- thogonal components, steering requires dozens of dimensions (Sec. 7.2) Object-centric state slots Motion decodable from specific spatial or tem- poral patches Direction becomes spatially redundant across patches post-Physics Emergence Zone (App. Claim: Across architectures, we identify a sharp intermediate-depth transition -- which we call the Physics Emergence Zone -- at which physical variables become accessible. Supporting result: Here, we present the first interpretability study to directly examine physical representations inside large-scale video encoders. Claim: Interpreting Physics in Video World Models. Supporting result: Video world models Aworld modelis a learned system whose internal represen- tations capture reusable environmental structure to support prediction, imagination, or planning (Ha & Schmidhuber, 2018). Claim: Here, we present the first interpretability study to directly examine physical representations inside large-scale video encoders. Supporting result: Here, we present the first interpretability study to directly examine physical representations inside large-scale video encoders.
audited	w_529fa77099ab7d4e	Intrinsic excitability mechanisms of neuronal ensemble formation	EXCLUDE	explicit-claims-results	688	134	0	0	Title: Intrinsic excitability mechanisms of neuronal ensemble formation. Claim: In addition, we observed strong and persistent increases in neuronal excitability after stimulation, with increases in membrane resistance and reduction in spike threshold. Supporting result: To explore cell-intrinsic mechanisms of ensemble formation , we record ed neurons with 280 perforated patch clamp , before and after photostimulation, quantifying intrinsic 281 electrophysiological parameters such as: current injection firing -dependence, membrane 282 resistance, firing rate, frequency and I-V phase plots. 283 We first measured the membrane potential response to current injections with I-V plots.
audited	w_24c53f7838cefa65	Intrinsic Guardrails: How Semantic Geometry of Personality Interacts with Emergent Misalignment in LLMs	EXCLUDE	explicit-claims-results	924	188	0	0	Title: Intrinsic Guardrails: How Semantic Geometry of Personality Interacts with Emergent Misalignment in LLMs. Claim: Leveraging the structural stability of the personality space, we show that vectors extracted $\textit{a priori}$ from an instruct-tuned model transfer zero-shot to successfully regulate… Supporting result: To investigate the geometry of the LLM personality space and its relationship to alignment, we employ a pipeline that extracts high-level behavioral representations and eval- uates their structural stability across a suite of controlled model organisms. Claim: Intrinsic Guardrails: How Semantic Geometry of Personality Interacts with Emergent Misalignment in LLMs. Supporting result: Intrinsic Guardrails: How Semantic Geometry of Personality Interacts with Emergent Misalignment in LLMs OTHERTRAITS Evil Actively seeking to harm, manipulate, and cause suffering to humans out of malice and hatred.
audited	w_667c790db241c1aa	Intrinsic Task Symmetry Drives Generalization in Algorithmic Tasks	EXCLUDE	explicit-claims-results	2219	429	0	0	Title: Intrinsic Task Symmetry Drives Generalization in Algorithmic Tasks. Claim: Grokking, the sudden transition from memorization to generalization, is characterized by the emergence of low-dimensional representations, yet the mechanism underlying this organization remains elusive. Supporting result: Taken together, these observations suggest that geometric organization can be explained through the interplay of in- trinsic task symmetries, sufficient memorization of partial information, and low-dimensional embedding constraints. 8. Claim: Grokking, the sudden transition from memorization to generalization, is characterized by the emergence of low-dimensional representations, yet the mechanism underlying this organization remains elusive. Supporting result: Intrinsic Task Symmetry Drives Generalization in Algorithmic Tasks Hyeonbin Hwang 1 Yeachan Park2 Abstract Grokking, the sudden transition from memoriza- tion to generalization, is characterized by the emergence of low-dimensional representations, yet the mechanism underlying this organization remains elusive. Claim: We propose that intrinsic task symmetries primarily drive grokking and shape the geometry of the model's representation space. Supporting result: We show that gen- eralization emerges during theSymmetry Acquisition phase, which can be tracked using a proposed criterion, and that intrinsic symmetry, together with low-rank rep- resentations, steers the geometric organization of the embedding space. • Accelerating Grokking via Symmetry Alignment: Leveraging these insights, we show that symmetry- and geometry-prompting strategies can accelerate grokking, providing evidence for a causal role of symmetry align- ment in generalization. 2. Claim: We identify a consistent three-stage training dynamic underlying grokking: (i) memorization, (ii) symmetry acquisition, and (iii) geometric organization. Supporting result: Intrinsic Task Symmetry Drives Generalization in Algorithmic Tasks Hyeonbin Hwang 1 Yeachan Park2 Abstract Grokking, the sudden transition from memoriza- tion to generalization, is characterized by the emergence of low-dimensional representations, yet the mechanism underlying this organization remains elusive.
audited	w_c220d86171080ff7	Investigating the impact of low to moderate level label noise on Neural Network grokking dynamics	EXCLUDE	explicit-claims-results	1059	206	0	0	Title: Investigating the impact of low to moderate level label noise on Neural Network grokking dynamics. Claim: Contrary to expectations that small amounts of noise might act as beneficial regularization, we found that even minimal label corruption (0.5%) measurably degraded grokking… Supporting result: (Introduction), dropout reduces overfitting, label smoothing improves accuracy and calibration, data augmentation boosts performance, and noisy student training achieves state-of-the-art results. Claim: Neural networks trained on algorithmic tasks, given specific model architecture features, can sometimes exhibit grokking—a phenomenon where perfect generalization emerges after a lag time… Supporting result: These unexpected findings highlight the fragility of grokking dynamics and suggest that even minimal label corruption fundamentally alters the learning process. 4.1 Mechanistic interpretation The exponential scaling of grokking metrics with noise levels suggests that label noise fundamentally disrupts the formation of generalizing circuits.
audited	w_7ff07b360090f82a	Is Grokking Worthwhile? Functional Analysis and Transferability of Generalization Circuits in Transformers	EXCLUDE	explicit-claims-results	1860	399	0	0	"Title: Is Grokking Worthwhile? Functional Analysis and Transferability of Generalization Circuits in Transformers. Claim: This suggests that the ""Generalization Circuit"" does not represent the sudden acquisition of a new reasoning paradigm. Supporting result: Recent research suggests that parameter-sharing transformers can bridge this gap by forming a “Generalization Circuit” dur- ing a prolonged “grokking” phase. Claim: Functional Analysis and Transferability of Generalization Circuits in Transformers. Supporting result: 0 10000 20000 30000 40000 Training Step 0.0 0.5 1.0Rate / Accuracy (A) Natural Grokking: new facts + old facts 0 10000 20000 30000 40000 Training Step (B) Second Hop Aug: new facts + old facts 0 10000 20000 30000 40000 Training Step (C) Natural Grokking: old facts + new facts 0 10000 20000 30000 40000 Training Step (D) Pretraining Control Group: new facts + old facts Bridge Found Final Answer Accuracy (new fact composition) New Fact Acc Figure 3:“Grokked” Transformer learning new knowledge, detailed visualization on all settings can be seen in Figure 4 in Appendix A the same level of transferability compared to those transformers that really established Generalization Circuits. 5 Finding 3: Transferability of Generalization Circuit Most evaluations of “Grokking” have been con- ducted using static datasets where the atomic facts are static. Claim: Recent research suggests that parameter-sharing transformers can bridge this gap by forming a ""Generalization Circuit"" during a prolonged ""grokking"" phase. Supporting result: Since the emergence of grokking phenomena typically requires extremely prolonged training cycles (often exceeding 1M steps in our settings), conducting a large-scale grid search to identify all possible augmentation strate- gies that might trigger circuit collapse was compu- tationally infeasible."
audited	w_c053dda032e0c8cc	Is Random Attention Sufficient for Sequence Modeling? Disentangling Trainable Components in the Transformer	INCLUDE	explicit-claims-results	923	163	0	0	Title: Is Random Attention Sufficient for Sequence Modeling? Disentangling Trainable Components in the Transformer. Claim: Frozen-query/key transformers still learn input-dependent induction structure through their trainable representations. Supporting result: The induction pattern is absent from the random frozen attention weights, is formally expressible by the learned residual/MLP computation, and appears only in architectures that solve retrieval and language modeling; input-independent MixiT supplies the negative functional control. Claim: Depth controls representation collapse and the loss of sequence-modeling performance under random attention. Supporting result: Depth, width, head-count, and component-freezing series connect covariance collapse in random transformers to degraded tasks, while the signal-preserving MixiT control prevents collapse and separates memorization from input-dependent reasoning.
audited	w_28c10566bff3c19f	Language Models Grow Less Humanlike beyond Phase Transition	EXCLUDE	explicit-claims-results	1322	281	0	0	Title: Language Models Grow Less Humanlike beyond Phase Transition. Claim: Language Models Grow Less Humanlike beyond Phase Transition. Supporting result: Our key findings include: (1) the tipping points of PPP are strongly correlated with phase transi- tion (Section 4); (2) a series of ablation experi- ments show some attention heads that formed dur- ing phase transition have some effect on PPP, but the overall results are mixed and the PPP degrada- tion cannot be reliably attributed to specific circuits that form during the phase transition (negates Hy- pothesis 2a; see Section 5); and (3) regularization during pretraining delays the phase transition, also resulting in a delayed PPP tipping point, indicating that phase transition alters the learning dynamics, such that further training results in PPP degradation (supports Hypothesis 2b; see Section 6).1 2 Relevant Work 2.1 Sentence Processing One popular theory to explain human sentence pro- cessing is surprisal theory. Claim: We then show that, rather than producing attention patterns that contribute to the degradation in PPP, phase transitions alter the subsequent learning dynamics of… Supporting result: We hypothesize that the underlying factor is a pretraining phase transition, characterized by the rapid emergence of specialized attention heads.
audited	w_9cb7d6dc1b5717cd	Late-Stage Generalization Collapse in Grokking: Detecting anti-grokking with Weightwatcher	EXCLUDE	explicit-claims-results	504	108	0	0	Title: Late-Stage Generalization Collapse in Grokking: Detecting anti-grokking with Weightwatcher. Claim: \emph{Memorization} in neural networks lacks a precise operational definition and is often inferred from the grokking regime, where training accuracy saturates while test accuracy… Supporting result: Related Work Grokking (Power et al., 2022) is the surprising delayed emergence of generalization well after training accuracy saturates; there is significant research into its underlying mechanisms.
audited	w_01e15d37549ba1fc	Latent Algorithmic Structure Precedes Grokking: A Mechanistic Study of ReLU MLPs on Modular Arithmetic	INCLUDE	explicit-claims-results	1423	274	0	0	Title: Latent Algorithmic Structure Precedes Grokking: A Mechanistic Study of ReLU MLPs on Modular Arithmetic. Claim: This suggests that grokking does not discover the correct algorithm, but rather sharpens an algorithm substantially encoded during memorization, progressively binarizing the input weights… Supporting result: This suggests that grokking does not discover the correct algorithm, but rather sharpens an algorithm substantially encoded during memo- rization, progressively binarizing the input weights into cleaner square waves and aligning the output weights, until generalization becomes possible. 1 Introduction Neural networks trained on modular arithmetic tasks exhibit a counterintuitive phenomenon: After rapidly memorizing the training set, validation accuracy remains near random chance for thousands of additional steps before abruptly rising to near-perfect generalization [Power et al., 2022]. Claim: ReLU MLPs learn near-binary square-wave and phase-sum structure. Supporting result: A formally extracted idealized model built from the learned frequencies and phases reaches 95.5% even when its source model does not grok, establishing functional use. Claim: The encoded algorithm sharpens over training before behavioral grokking. Supporting result: Checkpointed square-wave binarization and phase alignment precede and predict the later generalization transition, including noisy-data controls.
audited	w_803c8143ecd499c2	Latent Feature Transformation for Emergent Task Performance in Large Language Models	EXCLUDE	explicit-claims-results	651	108	0	0	Title: Latent Feature Transformation for Emergent Task Performance in Large Language Models. Claim: Computational efficiency gains, reflected in reduced inference latency and memory usage, demonstrate the practicality of the approach for deployment in resource-constrained environments. Claim: Analysis of attention patterns reveals improved alignment with task-critical tokens, further highlighting the framework's potential to refine linguistic outputs. Claim: Latent feature transformation introduces a novel framework for enhancing linguistic performance through the direct manipulation of latent space dynamics within pre-trained language models.
audited	w_f02966985885da33	Latent State Models of Training Dynamics	EXCLUDE	explicit-claims-results	1360	329	0	0	Title: Latent State Models of Training Dynamics. Claim: Using our method, we produce a low-dimensional, discrete representation of training dynamics on grokking tasks, image classification, and masked language modeling. Supporting result: Published in Transactions on Machine Learning Research (12/2023) Dataset R2 p-value Dissimilarity Forking Modular addition 0.977 <0.001 0.496 ✓ Modular addition, stabilized 0.514 <0.001 0.038 CIFAR-100 0.094 0.469 0.028 CIFAR-100, destabilized 0.905 <0.001 0.806 ✓ Sparse parities 0.961 <0.001 0.183 ✓ MNIST 0.049 0.611 0.063 Table 1: Predictability of convergence epoch using a unigram model of states. Claim: Furthermore, how can we interpret the resulting training dynamics and the phase transitions that characterize different trajectories? Supporting result: We use the HMM representation to study phase transitions and identify latent “detour” states that slow down convergence. 1 Introduction We possess strong intuition for how various tuned hyperparameters, such as learning rate or weight decay, affect model training dynamics and outcomes (Galanti et al., 2023; Lyu et al., 2022). Claim: Latent State Models of Training Dynamics. Supporting result: The HMM represents training as a stochastic process of transitions between latent states, providing an intuitive overview of significant changes during training.
audited	w_b9374a286a73fd88	Layer Specialization Underlying Compositional Reasoning in Transformers	EXCLUDE	explicit-claims-results	1152	234	0	0	Title: Layer Specialization Underlying Compositional Reasoning in Transformers. Claim: Models are trained on subsets of sequences and evaluated across four generalization conditions: memorization, in-distribution generalization, out-of-distribution generalization with the same rules, and cross-layer… Supporting result: Models are trained on subsets of sequences and evaluated across four generalization conditions: memorization, in-distribution generalization, out-of-distribution generalization with the same rules, and cross-layer transfer. Claim: Transformers exhibit compositional reasoning on sequences not observed during training, a capability often attributed to in-context learning (ICL) and skill composition. Supporting result: that these specialized layers develop representations capturing abstract compositional principles robust to distributional shift. 4.2 Mechanistic Analysis: Layer Specialization 5000 10000 15000 20000 25000 30000 35000 Training Step 0.0 0.2 0.4 0.6 0.8 1.0Normalized Specialization Score Model T ype clm mlm Figure 3: Evolution of normalized specialization scores during training for CLM and MLM archi- tectures.
audited	w_500a287f07071ec8	Learning Modular Exponentiation with Transformers	EXCLUDE	explicit-claims-results	659	123	0	0	Title: Learning Modular Exponentiation with Transformers. Claim: We find that reciprocal operand training leads to strong performance gains, with sudden generalization across related moduli. Supporting result: Key findings include stepwise grokking of related moduli, embedding space reorganization, and specialized circuits for arithmetic operations. Claim: We train a 4-layer encoder-decoder Transformer model to perform this operation and investigate the emergence of numerical reasoning during training. Supporting result: [2023] introduced internal progress measures to identify circuits responsible for emergent arithmetic capability, while Doshi et al.
audited	w_d930a0988351d6a9	Learning stochastic dynamics and predicting emergent behavior using transformers	EXCLUDE	explicit-claims-results	686	144	0	0	Title: Learning stochastic dynamics and predicting emergent behavior using transformers. Claim: Forward-propagated trajectories of the trained transformer, at densities not encountered during training, exhibit motility-induced phase separation and so predict the existence of a nonequilibrium… Supporting result: Forward-propagated tra- jectories of the trained transformer, at densities not encountered during training, exhibit motility-induced phase separation and so predict the exis- tence of a nonequilibrium phase transition. Claim: We show that a neural network originally designed for language processing can learn the dynamical rules of a stochastic system by observation of a…
audited	w_1414f43f732405e6	Learning through atypical phase transitions in overparameterized neural networks	INCLUDE	explicit-claims-results	903	173	0	0	Title: Learning through atypical phase transitions in overparameterized neural networks. Claim: A discontinuous local-entropy transition marks the appearance of accessible wide minima after interpolation. Supporting result: A formal order parameter identifies the distinct transition and predicts the algorithmic fitting boundary; independent samples, repeat runs, SGD/ADAM/message-passing controls, MNIST and CIFAR experiments pair the landscape transition with learning and generalization behavior. Claim: Overparameterization changes the solution landscape from inaccessible sharp minima to atypical wide regions used by efficient learners. Supporting result: Analytic parameter-to-sample sweeps and numerical binary, committee, multilayer, and convolutional models connect wide-minimum formation to trainability and improving generalization across algorithms, initializations, samples, and datasets.
audited	w_6408d8e4b06627c9	Learning to grok: Emergence of in-context learning and skill composition in modular arithmetic tasks	EXCLUDE	explicit-claims-results	636	146	0	0	Title: Learning to grok: Emergence of in-context learning and skill composition in modular arithmetic tasks. Claim: We use some of these tasks for pre-training and the rest for out-of-distribution testing. Supporting result: (3) out-of-distribution memorization: model generalizes on unseen tasks (a, b) but only for examples (x, y) it has seen during training. Claim: Large language models can solve tasks that were not present in the training set. Supporting result: Furthermore, LLMs also exhibit “emergent capabilities” – a sudden emergence of a new complex skill as a function of scale (either model size, compute or data) [29, 9].
audited	w_87dd30b387a36df9	Learning to select computations in recurrent neural circuits	EXCLUDE	explicit-claims-results	257	50	0	0	Title: Learning to select computations in recurrent neural circuits. Claim: In simple choice tasks, the model approximates the algorithms and representations of optimal symbolic models and reproduces neural dynamics observed in macaque orbitofrontal cortex.
audited	w_8ab30e3889d447fc	Learning Towards Emergence: Paving the Way to Induce Emergence by Inhibiting Monosemantic Neurons on Pre-trained Models	EXCLUDE	explicit-claims-results	1230	251	0	0	Title: Learning Towards Emergence: Paving the Way to Induce Emergence by Inhibiting Monosemantic Neurons on Pre-trained Models. Claim: Emergence, the phenomenon of a rapid performance increase once the model scale reaches a threshold, has achieved widespread attention recently. Supporting result: Under preparation LEARNING TOWARDS EMERGENCE : PAVING THE WAY TO INDUCE EMERGENCE BY INHIBITING MONOSE - MANTIC NEURONS ON PRE-TRAINED MODELS Jiachuan Wang, Shimin Di∗, Tianhao Tang, Haoyang LI, Charles Wang-wai Ng, Xiaofang Zhou, Lei Chen ABSTRACT Emergence, the phenomenon of a rapid performance increase once the model scale reaches a threshold, has achieved widespread attention recently. Claim: Learning Towards Emergence: Paving the Way to Induce Emergence by Inhibiting Monosemantic Neurons on Pre-trained Models. Supporting result: Under preparation LEARNING TOWARDS EMERGENCE : PAVING THE WAY TO INDUCE EMERGENCE BY INHIBITING MONOSE - MANTIC NEURONS ON PRE-TRAINED MODELS Jiachuan Wang, Shimin Di∗, Tianhao Tang, Haoyang LI, Charles Wang-wai Ng, Xiaofang Zhou, Lei Chen ABSTRACT Emergence, the phenomenon of a rapid performance increase once the model scale reaches a threshold, has achieved widespread attention recently.
audited	w_22e0f6e0ecd808ae	Learning words in groups: fusion algebras, tensor ranks and grokking	EXCLUDE	explicit-claims-results+abstract-fallback	1311	266	0	0	Title: Learning words in groups: fusion algebras, tensor ranks and grokking. Abstract fallback: In this work, we demonstrate that a simple two-layer neural network with standard activation functions can learn an arbitrary word operation in any finite group, provided sufficient width is available and exhibits grokking while doing so. To explain the mechanism by which this is achieved, we reframe the problem as that of learning a particular $3$-tensor, which we show is typically of low rank. A key insight is that low-rank implementations of this tensor can be obtained by decomposing it along triplets of basic self-conjugate representations of the group and leveraging the fusion structure to rule out many components. Focusing on a phenomenologically similar but more tractable surrogate model, we show that the network is able to find such low-rank implementations (or approximations thereof), thereby using limited width to approximate the word-tensor in a generalizable way. In the case of the simple multiplication word, we further elucidate the form of these low-rank implementations, showing that the network effectively implements efficient matrix multiplication in the sense of Strassen. Our work also sheds light on the mechanism by which a network reaches such a solution under gradient descent.
audited	w_035e7977c618391e	LieTrunc-QNN: Lie Algebra Truncation and Quantum Expressivity Phase Transition from LiePrune to Provably Stable Quantum Neural Networks	EXCLUDE	explicit-claims-results	2592	587	1	0	Title: LieTrunc-QNN: Lie Algebra Truncation and Quantum Expressivity Phase Transition from LiePrune to Provably Stable Quantum Neural Networks. Claim: Compact Lie subalgebras also provide inherent robustness to perturbations. Supporting result: Assumption 1.3(Polynomial Circuit Depth).The circuit depth L is polynomial in the number of qubits n, i.e.,L= poly(n). 2 Introduction Recent advances in model compression have demon- strated that preserving intrinsic low-dimensional structures within learning systems can significantly enhance both computational efficiency and general- ization performance. Claim: LieTrunc-QNN: Lie Algebra Truncation and Quantum Expressivity Phase Transition from LiePrune to Provably Stable Quantum Neural Networks. Supporting result: LieTrunc-QNN: Lie Algebra Truncation and Quantum Expressivity Phase Transition from LiePrune to Provably Stable Quantum Neural Networks Haijian Shao, Dalong Zhao, Xing Deng, Wenzheng Zhu School of Computer, Jiangsu University of Science and Technology, Zhenjiang 212003, China jsj shj@just.edu.cn Yingtao Jiang Department of Electrical and Computer Engineering, University of Nevada, Las Vegas, USA Abstract Quantum Machine Learning (QML) is fundamen- tally limited by two intertwined challenges: the emergence ofbarren plateaus(exponentially vanish- ing gradients) and the fragility of parameterized quantum circuits under realistic noise. Claim: Parameterized quantum circuits are modeled as Lie subalgebras of u(2^n), whose action induces a Riemannian manifold of reachable quantum states. Supporting result: We model parameterized quantum circuits (PQCs) as Lie sub- algebras of u(2n), and lift their action to a Rieman- nian manifold of reachable quantum states. Claim: Quantum Machine Learning (QML) is fundamentally limited by two challenges: barren plateaus (exponentially vanishing gradients) and the fragility of parameterized quantum circuits under noise. Supporting result: LieTrunc-QNN: Lie Algebra Truncation and Quantum Expressivity Phase Transition from LiePrune to Provably Stable Quantum Neural Networks Haijian Shao, Dalong Zhao, Xing Deng, Wenzheng Zhu School of Computer, Jiangsu University of Science and Technology, Zhenjiang 212003, China jsj shj@just.edu.cn Yingtao Jiang Department of Electrical and Computer Engineering, University of Nevada, Las Vegas, USA Abstract Quantum Machine Learning (QML) is fundamen- tally limited by two intertwined challenges: the emergence ofbarren plateaus(exponentially vanish- ing gradients) and the fragility of parameterized quantum circuits under realistic noise.
audited	w_dee1d8642fb8ec4d	Linear Latent World Models in Simple Transformers: A Case Study on Othello-GPT	EXCLUDE	explicit-claims-results	1030	230	0	0	"Title: Linear Latent World Models in Simple Transformers: A Case Study on Othello-GPT. Claim: Linear Latent World Models in Simple Transformers: A Case Study on Othello-GPT. Supporting result: In fact, the ""yours"" and ""mine"" attention heads occupy a large percentage of the attention heads in the 8L8H Othello-GPT, and these attention heads emerge even in a simple 1L transformer (Appendix C). 4 Causal Interventions To see if the linear world model is used by the Othello-GPT in making next-move predictions, we intervene at each layer of the model at certain game length, to trick the model into believing that it has another board state, as shown in Figure 1c. Claim: This paper meticulously examines a simple transformer trained for Othello, extending prior research to enhance comprehension of the emergent world model of Othello-GPT. Supporting result: Exploring the unsupervised development of internal world representations in these models is paramount for comprehending the emergence of intelligence in foundation models."
audited	w_e7fededba00d2282	Linear Spatial World Models Emerge in Large Language Models	EXCLUDE	explicit-claims-results	821	152	0	0	Title: Linear Spatial World Models Emerge in Large Language Models. Claim: Six spatial relations and object positions are encoded in a compact three-dimensional linear subspace that is functionally usable by the model. Supporting result: The top three PCA components of supervised relation-probe directions explain nearly all variance; projected object states cluster by position, and steering in the isolated 3-D directions changes generated relations with 74.3% overall success and reported 95% intervals. Claim: The LLM develops a novel linear Euclidean basis for spatial relations and object locations. Supporting result: The target R3 geometry and six relation axes are specified before analysis; the reported basis is obtained from supervised probe weights followed by PCA and is used as a static steering subspace.
audited	w_9f65ba32c1a08d74	Low-Dimensional and Transversely Curved Optimization Dynamics in Grokking	INCLUDE	explicit-claims-results	1528	286	0	0	Title: Low-Dimensional and Transversely Curved Optimization Dynamics in Grokking. Claim: Low-Dimensional and Transversely Curved Optimization Dynamics in Grokking. Supporting result: However, a fundamental geometric question remains open:is this low-dimensional manifold invariant under the optimization dynamics—does curvature deflect the trajectory out of its learned subspace—and does its geometry predict when generalization will occur? Claim: A sharp transverse-curvature transition precedes the behavioral transition. Supporting result: The internal spectral and commutator transition is localized across 108 learning-rate runs and replicated tasks/seeds; random-subspace and dose-response projection interventions link it directly to grokking. Claim: To probe loss-landscape geometry, we measure commutator defects -- the non-commutativity of successive gradient steps -- and project them onto this learned subspace. Supporting result: However, a fundamental geometric question remains open:is this low-dimensional manifold invariant under the optimization dynamics—does curvature deflect the trajectory out of its learned subspace—and does its geometry predict when generalization will occur? Claim: Grokking follows a low-dimensional execution path whose transverse geometry changes during training. Supporting result: Training checkpoints and learning-rate/weight-decay controls connect a stable low-dimensional path and growing transverse curvature to delayed generalization across four operations and multiple seeds.
audited	w_f4d58aaa5b0434b2	Low-dimensional intrinsic dimension reveals a phase transition in gradient-based learning of deep neural networks	EXCLUDE	explicit-claims-results	1541	307	0	0	Title: Low-dimensional intrinsic dimension reveals a phase transition in gradient-based learning of deep neural networks. Claim: Low-dimensional intrinsic dimension reveals a phase transition in gradient-based learning of deep neural networks. Supporting result: In: Proceedings of the 33rd Conference in Neural Information Processing Systems, pp. 1ś12 (2019) [21] Recanatesi, S., Farrell, M., Lajoie, G., Deneve, S., Rigotti, M., Shea-Brown, E.: Predictive learning as a network mechanism for extracting low-dimensional latent space representations. Claim: Low-dimensional intrinsic dimension reveals a phase transition in gradient-based learning of deep neural networks. Supporting result: Here we leveraged the intrinsic dimension of the representations to study the learning dynamics and found that the training process underwent a phase transition from expansion to compres- sion under disparate training regimes—a phenomenon that is ubiquitous across a wide variety of model architectures, optimizers, and data sets. Claim: Here we leveraged the intrinsic dimension of the representations to study the learning dynamics and found that the training process underwent a phase transition… Supporting result: Here we leveraged the intrinsic dimension of the representations to study the learning dynamics and found that the training process underwent a phase transition from expansion to compres- sion under disparate training regimes—a phenomenon that is ubiquitous across a wide variety of model architectures, optimizers, and data sets.
audited	w_3a2ad5f9386e827d	Mechanism and Emergence of Stacked Attention Heads in Multi-Layer Transformers	EXCLUDE	explicit-claims-results	939	193	0	0	Title: Mechanism and Emergence of Stacked Attention Heads in Multi-Layer Transformers. Claim: To understand how transformers solve the retrieval problem, I train several transformers on a minimal formulation. Supporting result: For this reason, I decided to manually reverse-engineer the circuits, while validating them thoroughly using ablations to ensure their correctness. Claim: To understand how transformers solve the retrieval problem, I train several transformers on a minimal formulation. Supporting result: Published as a conference paper at ICLR 2025 MECHANISM AND EMERGENCE OF STACKED ATTEN - TION HEADS IN MULTI-L AYER TRANSFORMERS Tiberiu Mus, at ETH Z¨urich, Switzerland Giotto.ai, Switzerland tmusat@ethz.ch ABSTRACT In this paper, I introduce the retrieval problem, a simple yet common reasoning task that can be solved only by transformers with a minimum number of layers, which grows logarithmically with the input size.
audited	w_5d1e32d2e724c9ae	Mechanistic Data Attribution: Tracing the Training Origins of Interpretable LLM Units	EXCLUDE	explicit-claims-results	437	101	0	0	Title: Mechanistic Data Attribution: Tracing the Training Origins of Interpretable LLM Units. Claim: Mechanistic Data Attribution: Tracing the Training Origins of Interpretable LLM Units. Supporting result: Fi- nally, we propose a mechanistic data augmenta- tion pipeline that consistently accelerates circuit convergence across model scales, providing a prin- cipled methodology for steering the developmen- tal trajectories of LLMs. 1.
audited	w_f5760f8154c234f6	Mechanistic Insights into Grokking from the Embedding Layer	EXCLUDE	explicit-claims-results	753	154	0	0	Title: Mechanistic Insights into Grokking from the Embedding Layer. Claim: Our analysis identifies two key mechanisms: (1) Embedding update dynamics, where rare tokens stagnate due to sparse gradient updates and weight decay, and (2)… Supporting result: This adjustment improves convergence and stability, especially under sparse embedding updates common in skewed token distributions. 5 Experiments and Discussions We begin our exploration with a MLP model. Claim: Grokking, a delayed generalization in neural networks after perfect training performance, has been observed in Transformers and MLPs, but the components driving it remain… Supporting result: Others have attributed grokking to emergent circuit behaviors or optimization dynamics [17, 21].
audited	w_e4f4c4e47cf2bb24	Memorization, Emergence, and Explaining Reversal Failures: A Controlled Study of Relational Semantics in LLMs	EXCLUDE	explicit-claims-results	1065	220	0	0	Title: Memorization, Emergence, and Explaining Reversal Failures: A Controlled Study of Relational Semantics in LLMs. Claim: We find a sharp phase transition in which relational semantics emerge with sufficient logic-bearing supervision, even in shallow (2-3 layer) models, and that successful… Supporting result: This motivates our first research question:RQ1: Can auto-regressive language models memorize relational facts, and internalize the logical semantics of relational words, and under what training conditions (e.g., data and model scale) does this ability emerge? Claim: We propose a controlled Knowledge Graph-based synthetic framework that generates text from symmetric/inverse triples, train GPT-style autoregressive models from scratch, and evaluate memorization, logical… Supporting result: This motivates our first research question:RQ1: Can auto-regressive language models memorize relational facts, and internalize the logical semantics of relational words, and under what training conditions (e.g., data and model scale) does this ability emerge?
audited	w_de53e52135814667	Modeling Transformers as complex networks to analyze learning dynamics	EXCLUDE	explicit-claims-results	714	136	0	0	Title: Modeling Transformers as complex networks to analyze learning dynamics. Claim: The process by which Large Language Models (LLMs) acquire complex capabilities during training remains a key open question in mechanistic interpretability. Supporting result: Therefore, this phase change can be understood as the transition where the LLM de- velops the mechanistic circuitry required for more complex, context-dependent skills, moving beyond simple token co-occurrence statistics. 4 Methodology To investigate my hypothesis that an LLM’s learn- ing dynamics correspond to an evolving complex network, this methodology first translates the Trans- former into a component-level graph at each train- ing checkpoint.
audited	w_2848c4070ebd2893	Monotonic Representation of Numeric Attributes in Language Models	EXCLUDE	explicit-claims-results+abstract-fallback	963	182	0	0	"Title: Monotonic Representation of Numeric Attributes in Language Models. Abstract fallback: Language models (LMs) can express factual knowledge involving numeric properties such as Karl Popper was born in 1902.However, how this information is encoded in the model's internal representations is not understood well.Here, we introduce a method for finding and editing representations of numeric properties such as an entity's birth year.We find directions that encode numeric properties monotonically, in an interpretable fashion.When editing representations along these directions, LM output changes accordingly.For example, by patching activations along a ""birthyear"" direction we can make the LM express an increasingly late birthyear.Property-encoding directions exist across several numeric properties in all models under consideration, suggesting the possibility that monotonic representation of numeric properties consistently emerges during LM pretraining."
audited	w_b034caed584efd9c	Multimodal Function Vectors for Visual Relations	EXCLUDE	explicit-claims-results	1035	195	0	0	Title: Multimodal Function Vectors for Visual Relations. Claim: Visual-relation knowledge is compressed into a small causal subnetwork and one function vector that can drive zero-shot relational predictions. Supporting result: The top ten causally selected head activations are aggregated into one relation vector; injection with the base model frozen raises zero-shot accuracy, with a 6–12-head optimum before added heads reduce performance. Claim: Function vectors transfer to novel objects and untrained composite visual relations. Supporting result: The held-out objects come from the same synthetic relation generator, and composite directions such as above-left are linear combinations of four trained cardinal relations plus a source example. Claim: Multimodal function vectors are a novel learned representational basis for visual relations. Supporting result: The vector is defined by the analyst as a sum of relation-conditioned mean activations from AIE-selected heads, directly extending an existing function-vector method.
audited	w_5cfae990f2e4ea0e	Multiple-Timescale Neural Networks: Generation of History-Dependent Sequences and Inference Through Autonomous Bifurcations	INCLUDE	explicit-claims-results	1823	380	0	0	Title: Multiple-Timescale Neural Networks: Generation of History-Dependent Sequences and Inference Through Autonomous Bifurcations. Claim: Multiple-Timescale Neural Networks: Generation of History-Dependent Sequences and Inference Through Autonomous Bifurcations. Supporting result: ORIGINAL RESEARCH published: 10 December 2021 doi: 10.3389/fncom.2021.743537 Frontiers in Computational Neuroscience | www.frontiersi n.org 1 December 2021 | Volume 15 | Article 743537 Edited by: Spase Petkoski, INSERM U1106 Institut de Neurosciences des Systèmes, France Reviewed by: Adam Ponzi, Okinawa Institute of Science and Technology Graduate University, Japan Claudius Gros, Goethe University Frankfurt, Germany *Correspondence: Tomoki Kurikawa kurikawt@hirakata.kmu.ac.jp Received: 18 July 2021 Accepted: 09 November 2021 Published: 10 December 2021 Citation: Kurikawa T and Kaneko K (2021) Multiple-Timescale Neural Networks: Generation of History-Dependent Sequences and Inference Through Autonomous Bifurcations. Claim: Local learning shapes slow-fast feedback into history-dependent sequential attractor dynamics. Supporting result: Although the two-timescale architecture is prescribed, the recurrent relationship is learned rather than embedded; fixed-point and basin analyses characterize its autonomous bifurcations, and noise/perturbation tests plus a novel-sequence concatenation control across independent realizations show functional recall and inference. Claim: The relation between slow-neural and synaptic-learning timescales controls the learned recall regime. Supporting result: A timescale-ratio sweep over fifty network realizations links a shared performance optimum to three distinct learned fixed-point organizations: sequential coexistence, skipped targets, or domination by the most recently learned target.
audited	w_d68d0884ffdb9426	Neural Collapse Dynamics: Depth, Activation, Regularisation, and Feature Norm Threshold	EXCLUDE	explicit-claims-results	1189	248	0	0	Title: Neural Collapse Dynamics: Depth, Activation, Regularisation, and Feature Norm Threshold. Claim: Neural Collapse Dynamics: Depth, Activation, Regularisation, and Feature Norm Threshold. Supporting result: Neural Collapse Dynamics: Depth, Activation, Regularisation, and Feature Norm Thresholds Anamika Paul Rupa∗ Department of Electrical Engineering and Computer Science, Howard University, Washington, DC, 20059, USA Abstract Neural collapse (NC), the convergence of penultimate-layer features to a simplex equiangular tight frame, is well characterised at equilibrium, but what governswhenandhow fastit emerges has received little systematic study. Claim: Neural Collapse Dynamics: Depth, Activation, Regularisation, and Feature Norm Threshold. Supporting result: A matched-optimiser control rules out the obvious confound, confirming the effect is architectural rather than an artefact of the optimiser pairing (Section 5.5). •A first-principles account of the scale.A simplified unconstrained-features analysis derives, in closed form, both the order of magnitude offn∗ and its insensitivity to weight decay, giving a theoretical anchor for the empirical invariant (Section 6.3).
audited	w_0a81fc2513bfcc09	New Skills or Sharper Primitives? A Probabilistic Perspective on the Emergence of Reasoning in RLVR	EXCLUDE	explicit-claims-results	799	187	0	0	Title: New Skills or Sharper Primitives? A Probabilistic Perspective on the Emergence of Reasoning in RLVR. Claim: New Skills or Sharper Primitives? Supporting result: Thus, RLVR is viewed merely as a mechanism to elicit latent potentials already encoded during pre-training. Claim: Utilizing the Algebrarium framework, we train models exclusively on single-step operations and evaluate their performance on unseen multi-step tasks. Supporting result: A Probabilistic Perspective on the Emergence of Reasoning in RLVR Zhilin Wang 1 2 Yafu Li2 3 Shunkai Zhang 4 Zhi Wang 5 Xiaoye Qu 2 Haoran Zhang 2 6 Yu Cheng3 Abstract Whether Reinforcement Learning with Verifiable Rewards (RLVR) endows Large Language Mod- els (LLMs) with new capabilities or merely elicits latent traces remains a central debate.
audited	w_c31a237682405c3b	Noise-Driven Escape from Metastable Phases explains Grokking in Deep Neural Networks	INCLUDE	explicit-claims-results	1402	317	0	0	Title: Noise-Driven Escape from Metastable Phases explains Grokking in Deep Neural Networks. Claim: Using sparse sub-sampling we also reproduce the canonical grokking curve where test error eventually approaches the final training error. Supporting result: Observation: the model remains in the rank-1 state for τ≈5500 epochs before abruptly escaping to rank-2 (Fig. 1, green).Conclusion: trapping in a metastable phase produces grokking-like delayed convergence.(iii) Trivial-phase trap.Setup: model initialised from a checkpoint trained at β > β (2) c , placing it in the rank-0 phase.Observation: the model escapes to rank-1 after τ >7000 epochs, then remains trapped in rank-1 for a further extended period, with total delay τ >10,000 epochs (Fig. 1, orange).Conclusion: sequential trapping across multiple metastable phases reproduces staged grokking delays spanning two orders of magnitude.(iv) Canonical grokking via sparse 3 Claim: First-order L2 transitions create metastable feature states. Supporting result: Analytic barriers, deliberate trapping, 50-seed experiments, and an Arrhenius fit (R²=0.991) link abrupt rank escape to the behavioral transition. Claim: SGD noise drives escape between learned-feature ranks over training. Supporting result: Learning rate, batch size, regularization, and time jointly control internal rank and test error; escape times span two orders of magnitude.
audited	w_c630442fbffca0c4	Not Emergent by Accident: The Implicit Global Workspace as a Consequence of Transformer Optimization	EXCLUDE	explicit-claims-results	578	118	0	0	Title: Not Emergent by Accident: The Implicit Global Workspace as a Consequence of Transformer Optimization. Claim: Together these forces bias the model toward an implicit workspace which can be categorized as a low-effective-dimensional subspace that upstream computations write into and… Claim: We formalize this as a workspace-pressure theorem using the pullback of the output Fisher geometry through the layer-to-logit Jacobian. Claim: This work develops a principled explanation for why such a structure should be expected to emerge in standard autoregressive Transformers.
audited	w_f15bfc4589f93e42	Number detectors spontaneously emerge in a deep neural network designed for visual object recognition	EXCLUDE	explicit-claims-results	380	62	0	0	Title: Number detectors spontaneously emerge in a deep neural network designed for visual object recognition. Claim: A deep neural network trained only on visual object recognition develops tuned number detectors reminiscent of real neurons. Supporting result: These findings explain the spontaneous emergence of the number sense based on mechanisms inherent to the visual system.
audited	w_702044b6725a459d	On Mesa-Optimization in Autoregressively Trained Transformers: Emergence and Capability	EXCLUDE	explicit-claims-results	191	42	0	0	Title: On Mesa-Optimization in Autoregressively Trained Transformers: Emergence and Capability. Claim: On Mesa-Optimization in Autoregressively Trained Transformers: Emergence and Capability.
audited	w_0308d55890a5b9c6	On the Emergence of Induction Heads for In-Context Learning	INCLUDE	explicit-claims-results	1567	348	0	0	Title: On the Emergence of Induction Heads for In-Context Learning. Claim: We theoretically explain the origin of this structure using a minimal ICL task formulation and a modified transformer architecture. Supporting result: We show a few more plots and full training details in Section D. 0 500 1000 1500 2000 2500 3000 3500 Step 0 1 2 3 3 2 3 other 0 500 1000 1500 2000 2500 3000 3500 Step 0.00 0.25 0.50 0.75 1.00 1.25 Training Loss Figure 4: The value of the 19 pseudo-parameters during training(top)and the associated training loss(bottom). 0 500 1000 1500 2000 2500 Step 0 1 2 3 3 2 3 0 500 1000 1500 2000 2500 Step 0.00 0.25 0.50 0.75 1.00 1.25 Training Loss Figure 5: Ablating all parameters except α3, β2, andγ 3 results in strikingly similar dynamics. 3.4 Training Dynamics of Induction Heads Motivated by the empirical results in the previous section, we study the training dynamics constrained to the 3-dimensional subspace spanned by α3, β2, and γ3, finding several tight bounds for the emer- gence of the induction head. Claim: Low loss coincides with an induction-head phase transition. Supporting result: The internal parameters and ICL behavior transition together; restricting training to the three-dimensional mechanism leaves emergence unaffected, and asymptotic theory predicts its threshold. Claim: Induction-head emergence time scales quadratically with context length. Supporting result: Training trajectories and theory track the ordered emergence of three internal parameters and the accompanying ICL loss transition across context lengths.
audited	w_25ba5099b834e43a	On the Mechanism and Dynamics of Modular Addition: Fourier Features, Lottery Ticket, and Grokking	INCLUDE	explicit-claims-results	905	158	0	0	Title: On the Mechanism and Dynamics of Modular Addition: Fourier Features, Lottery Ticket, and Grokking. Claim: Weight decay refines the network into a sparse Fourier representation. Supporting result: Single-frequency neurons and diversified phase-symmetric features cancel noise; activation and diversification ablations preserve or destroy perfect modular-addition accuracy as predicted. Claim: Randomly initialized neurons learn single-frequency Fourier features. Supporting result: The learned phase/frequency basis is derived formally from gradient dynamics and shown experimentally to implement the majority-vote modular-addition algorithm. Claim: Training passes through memorization, feature learning, and cleanup phases. Supporting result: Checkpointed Fourier coefficients, phase alignment, norms, and accuracy jointly trace the internal algorithm from random initialization to generalization.
audited	w_6ffbda57ab6a27ae	Optimal reinforcement learning near the edge of a synchronization transition	INCLUDE	explicit-claims-results	850	165	0	0	Title: Optimal reinforcement learning near the edge of a synchronization transition. Claim: The learned spiking network crosses a sharp synchronization boundary where task performance is optimized. Supporting result: The delay-controlled internal transition shifts with size and is independently confirmed by subcritical, scale-free, and supercritical avalanche distributions; twenty-realization ensembles, untrained controls, four task complexities, and multiple sizes pair the boundary with behavior. Claim: Axonal delay and network size control synchronization organization and reinforcement-learning performance. Supporting result: Delay, size, task-complexity, connectivity, plasticity, and STDP-parameter series connect the synchronized-to-asynchronous organization to stimulus-response accuracy across ensembles of twenty network realizations.
audited	w_ce9d14ed68420ed6	Outliers with Opposing Signals Have an Outsized Effect on Neural Network Optimization	EXCLUDE	explicit-claims-results	1878	374	0	0	Title: Outliers with Opposing Signals Have an Outsized Effect on Neural Network Optimization. Claim: In particular, it implies a conceptually new cause for progressive sharpening and the edge of stability; we also highlight connections to other concepts in… Supporting result: In Figure 2 we track these metrics for several opposing group pairs and we find that they are consistently much larger than that of random samples from the training set. 2.1 On the Possibility of a Formal Definition Though the features and their exemplar samples are immediately recognizable,we do not attempt to exactly define a “feature”, nor an “outlier” with respect to that feature.The presence of a particular feature is often ambiguous, and it is difficult to define a clear threshold for what makes a given point an outlier.2 Thus, instead of trying to exactly partition the data, we simply note that these heavy tails exist and we use the most obvious outliers as representatives for visualization. Claim: We identify a new phenomenon in neural network optimization which arises from the interaction of depth and a particular heavy-tailed structure in natural data. Supporting result: In Figure 2 we track these metrics for several opposing group pairs and we find that they are consistently much larger than that of random samples from the training set. 2.1 On the Possibility of a Formal Definition Though the features and their exemplar samples are immediately recognizable,we do not attempt to exactly define a “feature”, nor an “outlier” with respect to that feature.The presence of a particular feature is often ambiguous, and it is difficult to define a clear threshold for what makes a given point an outlier.2 Thus, instead of trying to exactly partition the data, we simply note that these heavy tails exist and we use the most obvious outliers as representatives for visualization.
audited	w_1ab7ec580940888c	Path Integration and Object-Location Binding Emerge in an Action-Conditioned Predictive Sequence Network	EXCLUDE	explicit-claims-results	2040	372	0	0	Title: Path Integration and Object-Location Binding Emerge in an Action-Conditioned Predictive Sequence Network. Claim: We investigate this in a minimal in-silico setting. Supporting result: Together, these findings show how structured representations relying on flexible binding emerge to support prediction, offering a mechanistic account of sequential world modeling relevant to cognitive science.1 Keywords:in-context learning; integration; binding; predic- tion; memory Introduction Understanding and operating in the natural world requires representing objects and their relations, and updating those representations as new information is acquired. Claim: Interventional analyses show that new bindings can be learned late in sequence and that out-of-distribution bindings can be learned as well. Supporting result: Moreover, the results of the out-of-distribution manipulation are better explained by a compositional binding mechanism, because it directly tests whether binding depends on label-specific training “support” (e.g., a label being bindable only at positions encountered during training). Claim: Path Integration and Object-Location Binding Emerge in an Action-Conditioned Predictive Sequence Network. Supporting result: Predictive neural networks are often proposed to learn such world models, but how these are in- stantiated and how they support prediction remain unclear. Claim: A recurrent neural network samples tokens sequentially from 2D continuous token scenes and is trained to predict the upcoming token from the current input… Supporting result: Together, these findings show how structured representations relying on flexible binding emerge to support prediction, offering a mechanistic account of sequential world modeling relevant to cognitive science.1 Keywords:in-context learning; integration; binding; predic- tion; memory Introduction Understanding and operating in the natural world requires representing objects and their relations, and updating those representations as new information is acquired.
audited	w_491d54e45fee4c6c	Persona Features Control Emergent Misalignment	EXCLUDE	explicit-claims-results	754	142	0	0	"Title: Persona Features Control Emergent Misalignment. Claim: To investigate the mechanisms behind this generalized misalignment, we apply a ""model diffing"" approach using sparse autoencoders to compare internal model representations before and… Supporting result: Improving steering vectors by targeting sparse autoencoder features, 2024. Claim: Understanding how language models generalize behaviors from their training to a broader deployment distribution is an important problem in AI safety. Supporting result: This approach reveals several “mis- aligned persona” features in activation space, including a toxic persona feature which most strongly controls emergent misalignment and can be used to predict whether a model will exhibit such behavior."
audited	w_dff3d1da5e63f8e0	Phase Transitions in Attention: A Bayesian Theory of Copy Head Emergence	INCLUDE	explicit-claims-results	870	168	0	0	Title: Phase Transitions in Attention: A Bayesian Theory of Copy Head Emergence. Claim: We derive a closed-form posterior over the attention matrix and reduce it to a low-dimensional order parameter space. Supporting result: The copy operation is the minimal circuit that is necessary for induction heads and other ICL capabilities [19], and our task isolates it by construction. Claim: Softmax attention exhibits a first-order phase transition. Supporting result: A low-dimensional order parameter crosses an analytic data threshold; Bayesian sampling, Adam training, and linear-attention controls reproduce the internal and behavioral regimes. Claim: The copy subcircuit changes qualitatively with training-data scale. Supporting result: Closed-form posterior predictions and Adam-trained networks connect data amount to structured attention and copy-task performance.
audited	w_e290bc51cfc6cc89	Phase transitions reveal hierarchical structure in deep neural networks	INCLUDE	explicit-claims-results	888	170	0	0	Title: Phase transitions reveal hierarchical structure in deep neural networks. Claim: Each transition is governed by a critical saddle point. Supporting result: Analytic Hessian conditions and repeated Pathfinder trajectories locate discontinuous basin changes, per-digit behavior changes, and mode-connectivity controls at the same boundaries. Claim: We unify these within a single explanatory framework, the geometry of the loss and error landscapes. Supporting result: Building on this insight, we introduce a simple, fast, and easy to implement algorithm that uses the L2 regularizer as a tool to probe the geometry of error landscapes. Claim: Regularization traces models through distinct hierarchical accuracy basins. Supporting result: Varying L2 strength reorganizes the loss-landscape Hessian and the digit classes encoded by trained models, with corresponding accuracy changes.
audited	w_703971b3ad96268c	Place cells may simply be memory cells: Memory compression leads to spatial tuning and history dependence	EXCLUDE	explicit-claims-results	227	42	0	0	Title: Place cells may simply be memory cells: Memory compression leads to spatial tuning and history dependence. Claim: Place cells may simply be memory cells: Memory compression leads to spatial tuning and history dependence.
audited	w_3649951b25d89fe3	Plasticity and language in the anaesthetized human hippocampus	EXCLUDE	explicit-claims-results+abstract-fallback	1527	296	0	0	Title: Plasticity and language in the anaesthetized human hippocampus. Abstract fallback: Consciousness is a fundamental component of cognition1, but the degree to which higher-order pattern recognition relies on it remains disputed2,3. Here we demonstrate the persistence of oddball discrimination, semantic processing and online prediction in individuals under general-anaesthesia-induced loss of consciousness4,5. Using high-density Neuropixels microelectrodes6 to record both single-unit and local-field-potential neural activity in the human hippocampus while playing a series of tones to anaesthetized patients, we found that hippocampal neurons and local oscillations retained some detection of oddball tones. This effect size grew over the course of the experiment (around 10 min), demonstrating representational plasticity. A biologically plausible recurrent neural network model showed that learning and oddball representation are an emergent property of flexible tone discrimination. Moreover, when we played language stimuli, single units and local field potentials carried information about the semantic and grammatical features of natural speech, even predicting semantic information about upcoming words. Together these results indicate that in the hippocampus, which is anatomically and functionally distant from primary sensory cortices7, complex processing of sensory stimuli occurs even in the unconscious state. In the hippocampus, complex processing of sensory stimuli occurs even in the unconscious state.
audited	w_b19041cd869bacfa	Post-Grokking Collapse at the Representation-Readout Interface in Muon-Trained Transformers	INCLUDE	explicit-claims-results	1110	229	0	0	Title: Post-Grokking Collapse at the Representation-Readout Interface in Muon-Trained Transformers. Claim: The isolated task-aligned Fourier family remains sufficient during masking failure. Supporting result: Fourier filtering retains perfect accuracy in the reduced family at 43 checkpoints; removing the adversarial remainder or rescaling the family restores up to 99.9%. Claim: Across five seeds the selected AdamW reference falls below threshold on four, reaching 27.59%. Supporting result: Freezing either side prevents the failure, and holding the AdamW-managed input and output coordinates fixed after the circuit forms prevents it in five runs across451,400 post-grokking steps and on all five paired seeds of the main condition, where the unfrozen arm records137to 321sub-threshold evaluations and the frozen arm records none on every one. Claim: Representation-readout dynamics cause post-grokking failure over training. Supporting result: Checkpoint and bit-identical freeze experiments across configurations and five seeds causally connect optimizer-driven interface motion to lost generalization.
audited	w_e3daf00bfe8e1caf	Predicting Emergent Abilities with Infinite Resolution Evaluation	EXCLUDE	explicit-claims-results	1192	284	0	0	Title: Predicting Emergent Abilities with Infinite Resolution Evaluation. Claim: Task performances typically show minor gains on small models until they improve dramatically once models exceed a size threshold, exemplifying the ``emergent abilities''. Supporting result: The internal figure illustrates the end-step reducible loss relative to model size, represented in logarithmic scale. Claim: The scientific scale-up of large language models (LLMs) necessitates a comprehensive understanding of their scaling properties. Supporting result: Published as a conference paper at ICLR 2024 PREDICTING EMERGENT ABILITIES WITH INFINITE RESOLUTION EVALUATION Shengding Hu1, Xin Liu2, Xu Han1,3∗, Xinrong Zhang1, Chaoqun He1, Weilin Zhao1, Yankai Lin4, Ning Ding1, Zebin Ou5, Guoyang Zeng6, Zhiyuan Liu1∗, Maosong Sun1∗ 1Department of Computer Science and Technology, Tsinghua University 2Beijing Language and Culture University. 3Shanghai Artificial Intelligence Laboratory 4Renmin University of China. 5Zhihu Inc. 6Modelbest Inc. hsd23@mails.tsinghua.edu.cn ABSTRACT The scientific scale-up of large language models (LLMs) necessitates a compre- hensive understanding of their scaling properties.
audited	w_85b812c5c78e647c	Predicting the Emergence of Induction Heads in Language Model Pretraining	INCLUDE	explicit-claims-results	565	104	0	0	Title: Predicting the Emergence of Induction Heads in Language Model Pretraining. Claim: Induction-head metrics and associative recall change abruptly together. Supporting result: Controlled repetition-frequency and reliability sweeps produce a stable formation boundary across natural and synthetic environments, with matched behavioral transition. Claim: Batch size and context size predict when induction heads form. Supporting result: Natural, semi-natural, and synthetic sweeps link data exposure and internal head formation to associative-recall/ICL behavior.
audited	w_d27b97e00fa37f8b	Prediction horizon shapes representations in predictive learning	INCLUDE	explicit-claims-results	1549	291	0	0	Title: Prediction horizon shapes representations in predictive learning. Claim: Long-horizon prediction learns a low-dimensional state representation that preserves predictive structure. Supporting result: Participation ratio, effective-rank, rank-truncation, and held-out-pair tests show selective concentration into state/action directions sufficient for prediction and associated with better OOD accuracy. Claim: In this work, we identify the prediction horizon as a critical, but often implicit, component of predictive learning objectives. Supporting result: Prediction horizon shapes representations in predictive learning Aviv Ratzon & Omri Barak Technion – Israel Institute of Technology aviv.ratzon@hotmail.com Abstract Predictive learning has emerged as a central paradigm for training models across diverse data domains and is increasingly viewed as a foundation for modern artifi- cial intelligence. Claim: Predictive learning spontaneously recovers the environment's latent manifold. Supporting result: One-hot observations remove prior neighborhood geometry and no manifold regularizer is used; formal OLS/implicit-bias analysis, nonlinear controls, rank truncation, and held-out behavior connect the learned geometry to prediction. Claim: Prediction horizon and depth control recovery of latent task geometry. Supporting result: Horizon, environment size, depth, architecture, and dataset series reorganize hidden states from unstructured solutions to latent manifolds while improving compositional and out-of-distribution prediction.
audited	w_0c85822618800428	Predictive learning as a network mechanism for extracting low-dimensional latent space representations	INCLUDE	explicit-claims-results	927	161	0	0	Title: Predictive learning as a network mechanism for extracting low-dimensional latent space representations. Claim: Predictive learning extracts a low-dimensional manifold from high-dimensional observations. Supporting result: The representation selectively retains latent position/action variables while discarding sensor color; prediction and 12 non-predictive/noise controls establish functional value. Claim: The learned representation inherits the latent environment's group geometry. Supporting result: Without latent-coordinate supervision, recurrent dynamics form a formally characterized group representation used to transform actions into future predictions. Claim: Latent-space signal transfers into leading representation modes during learning. Supporting result: Training trajectories link predictive error to a qualitative manifold reorganization in progressively harder tasks, including 50-network comparisons.
audited	w_cf357442f5aa7893	Predictive pursuit emerges in high-dimensional recurrent neural networks	INCLUDE	explicit-claims-results	1227	218	0	0	Title: Predictive pursuit emerges in high-dimensional recurrent neural networks. Claim: Ablating these units significantly reduced model performance, establishing a causal role of this functional response type in efficient pursuit. Supporting result: In investigating the computations that underlie the model’s ability to21 perform predictive pursuit, we found units sensitive to the position of the target relative to the artificial22 agent, a representation analogous to egocentric target neurons observed in animals performing pursuit23 tasks. Claim: Pursuit training produces egocentric target coordinates despite receiving no egocentric target input. Supporting result: The learned coordinate-like tuning is formally quantified, distinguishes current from prospective states, and target-unit versus random-unit ablations selectively impair pursuit, establishing use by the recurrent controller. Claim: Reservoir rank controls the appearance of allocentric prospective pursuit representations. Supporting result: Rank sweeps from ten to one thousand connect high-dimensional recurrent organization to predictive target trajectories and pursuit performance across thirty networks, with objective, readout, and unit controls.
audited	w_e1dd76d318faa330	Predictive sequence learning in the hippocampal formation	INCLUDE	explicit-claims-results	1327	233	0	0	Title: Predictive sequence learning in the hippocampal formation. Claim: Temporal prediction compresses redundant sensory inputs into localized sequential representations. Supporting result: Across ten localization networks, predictive hidden states carry more position information than high-dimensional inputs and current-loss controls; for MNIST sequences they retain class/sequence structure while generating the next images and completing withheld suffixes, which non-predictive controls do not. Claim: Sequence training produces a sparse Toeplitz recurrent organization with line-attractor dynamics. Supporting result: Without a prescribed recurrent connectivity pattern, training yields a formally characterized near-Toeplitz/Mexican-hat organization; the recurrent state itself generates ordered replay from noise and completes partial sequences, linking the learned manifold to model behavior. Claim: Error-coded CA1 responses appear rapidly while the CA3 internal representation develops over repeated experience. Supporting result: Training exposure after an environment switch moves the model from immediate CA1 prediction-error coding to a learned CA3 sequence representation; the resulting recurrent organization generates replay and pattern completion, with familiar/noisy-environment and non-predictive controls.
audited	w_8dc658fd6956f31c	Predictive Statistics Shape Emergent World Representations of Grid Walkers	EXCLUDE	explicit-claims-results	1794	328	0	0	Title: Predictive Statistics Shape Emergent World Representations of Grid Walkers. Claim: In order to understand this link more precisely, we use a minimal stochastic process as a controlled setting: constrained random walks on a two-dimensional… Supporting result: sufficient statistics of the latent generating distribution needed for prediction. Claim: The probabilistic nature of these models suggests a deep connection between the structure of the world and the geometry of probability distributions. Supporting result: Although demonstrated in a toy system, the results suggest that the geometry of the predictive distribution is a useful lens on how neural networks internalize the structure of their data. 1 Introduction Modern sequence models develop internal representations whose geometric organization often mirrors structure of the world they are trained on [ 1–9]. Claim: Next-token predictors often appear to develop internal representations of the latent world and its rules. Supporting result: That similarly sized RNNs solve the task without adopting these coordinates makes the representation architecture-dependent—a Rashomon effect, in which equally predictive models organize information differently [24–27]: the objective fixes the optimal next-step distribution but not the representation that computes it, and self-attention simply selects a basis in which the world-state update is cheap. 5 Limitations and future challenges Our toy system is deliberately simple, which makes the analytical examination above possible but is also the main limitation: scaling to settings where the predictive structure has no closed form will require a method to decompose complex distributions into tractable parts (see the analysis of [12] for an example where this can be possible).
audited	w_92e74bd4c6d552b0	Pretraining task diversity and the emergence of non-Bayesian in-context learning for regression	EXCLUDE	explicit-claims-results	1561	336	0	0	Title: Pretraining task diversity and the emergence of non-Bayesian in-context learning for regression. Claim: We empirically demonstrate a $\textit{task diversity threshold}$ for the emergence of ICL. Supporting result: This study also explores the effect of regularization, model capacity and task structure and underscores, in a concrete example, the critical role of task diversity, alongside data and model scale, in the emergence of ICL. 1 Introduction Pretrained transformers (PTs) can learn new tasks from just a few examples provided in the prompt without taking any gradient steps on those examples [ 1]. Claim: Thus, when pretrained on data with task diversity greater than the threshold, transformers $\textit{can}$ optimally solve fundamentally new tasks in-context. Supporting result: To evaluate its ability to learn new tasks, the PT is tested on the ideal task distribution, TTrue, which is a Gaussian distribution over all latent regression vectors. Claim: This study also explores the effect of regularization, model capacity and task structure and underscores, in a concrete example, the critical role of task… Supporting result: Both methods of increasing dataset size—increasing batch size in Fig. 2 and increasing training steps in this figure—reveal a transition in the behavior of the PT: beyond the task diversity threshold, ICL on new tasks emerges. model with the GPT2 architecture [15] with 8 layers, 128-dimensional embeddings, and 2 attention heads or a small model with 4 layers, 64-dimensional embeddings, and 2 attention heads.
audited	w_ee8ec07c31be9d3c	Progress Measures for Grokking on Real-world Tasks	EXCLUDE	explicit-claims-results+abstract-fallback	1083	217	0	0	Title: Progress Measures for Grokking on Real-world Tasks. Abstract fallback: Grokking, a phenomenon where machine learning models generalize long after overfitting, has been primarily observed and studied in algorithmic tasks. This paper explores grokking in real-world datasets using deep neural networks for classification under the cross-entropy loss. We challenge the prevalent hypothesis that the $L_2$ norm of weights is the primary cause of grokking by demonstrating that grokking can occur outside the expected range of weight norms. To better understand grokking, we introduce three new progress measures: activation sparsity, absolute weight entropy, and approximate local circuit complexity. These measures are conceptually related to generalization and demonstrate a stronger correlation with grokking in real-world datasets compared to weight norms. Our findings suggest that while weight norms might usually correlate with grokking and our progress measures, they are not causative, and our proposed measures provide a better understanding of the dynamics of grokking.
audited	w_f3172e652cebe4b6	Progress Measures for Grokking via Mechanistic Interpretability	INCLUDE	explicit-claims-results	1956	361	0	0	Title: Progress Measures for Grokking via Mechanistic Interpretability. Claim: The generalizing computation compresses modular addition into a small set of Fourier directions and a sparse circuit. Supporting result: Five key frequencies explain 95% of logit variance; ten sine/cosine directions support low loss; ablating a key frequency destroys performance while ablating the other roughly 95% of frequencies does not and can improve loss. Claim: Grokking is a transition between memorizing and generalizing organizational regimes linked to a rapid behavioral change. Supporting result: At a distinct training interval, test loss drops while Fourier-component sparsity rises sharply during cleanup; the corresponding trajectories are reproduced for four additional random seeds and checked under architecture, modulus, and regularization variations. Claim: The Fourier mechanism generalizes across modular-arithmetic variants and other algorithmic tasks. Supporting result: The primary test split contains unseen input pairs from the same modular-addition task; other primes, architectures, and algorithmic tasks are separately trained experiments. Claim: The transformer learns a Fourier/trigonometric coordinate system for modular addition that was not prescribed by the architecture. Supporting result: Weights and activations implement addition as rotations in learned frequency coordinates; the structure is mathematically reconstructed and causally tested by Fourier-space ablations, and generalizing runs learn variants of the same algorithm. Claim: Training progression produces a qualitative reorganization from memorization to a sparse Fourier circuit and then cleanup, enabling generalization. Supporting result: Training epoch is logged against restricted/excluded loss, Fourier sparsity, and behavior; the circuit-formation and cleanup phases reorganize the learned computation and precede or accompany test generalization across five seeds.
audited	w_256904d2b1ec4eea	Provable In-Context Learning of Nonlinear Regression with Transformers	EXCLUDE	explicit-claims-results	1394	281	0	0	Title: Provable In-Context Learning of Nonlinear Regression with Transformers. Claim: Leveraging these insights, for two distinct regimes depending on whether $L$ is below or above a threshold, we derive different time bounds to guarantee… Supporting result: (ii) Our results also hold for general feature embeddings without the restrictive orthonormality assumptions in prior work [19, 20, 25, 24]. • Phase Transition of Training Dynamics between Flat and Sharp Curvature Regimes:We discover a phase transition intraining dynamicsgoverned by the Lipschitz constantL. Claim: A defining feature of transformers is their ability to perform previously unseen tasks using task specific prompts without updating parameters, a phenomenon known as… Supporting result: A defining feature is in-context learning (ICL)—the ability to perform unseen tasks from prompts without updating model parameters. Claim: A defining feature of transformers is their ability to perform previously unseen tasks using task specific prompts without updating parameters, a phenomenon known as… Supporting result: (ii) Our results also hold for general feature embeddings without the restrictive orthonormality assumptions in prior work [19, 20, 25, 24]. • Phase Transition of Training Dynamics between Flat and Sharp Curvature Regimes:We discover a phase transition intraining dynamicsgoverned by the Lipschitz constantL.
audited	w_248da8719a3b92f1	Quantum-data-driven dynamical transition in quantum learning	INCLUDE	explicit-claims-results	740	143	0	0	Title: Quantum-data-driven dynamical transition in quantum learning. Claim: Crossing a target-state boundary produces a dynamical bifurcation in the learned QNTK. Supporting result: Fixed-point stability and topological charge identify the internal transition and predict the convergence-class change; perturbation analyses, numerical tests, and twelve device rounds reproduce the paired kernel/error dynamics. Claim: Quantum target constraints control a qualitative change in learned kernel and error dynamics. Supporting result: Target-value, data-count, and depth conditions separate fixed-point classes of the learned QNTK and pair them with exponential or polynomial training convergence in theory, simulation, and quantum-device runs.
audited	w_3f93613f81a9c243	Quiet Feature Learning in Algorithmic Tasks	EXCLUDE	explicit-claims-results	1257	277	0	0	Title: Quiet Feature Learning in Algorithmic Tasks. Claim: We train Transformer-based language models on ten foundational algorithmic tasks and observe pronounced phase transitions in their loss curves that deviate from established power-law… Supporting result: Phase transitions occur for scaling laws estimated across many training runs and within individual training runs. 2.Quiet featuresprecede phase transitions: Models learn meaningful internal representations during the slow phase, but these features do not yet yield noticeable gains in the output loss (we call thesequiet features). Claim: We train Transformer-based language models on ten foundational algorithmic tasks and observe pronounced phase transitions in their loss curves that deviate from established power-law… Supporting result: Quiet Feature Learning in Algorithmic Tasks Prudhviraj Naidu, Zixian Wang, Leon Bergen*, Ramamohan Paturi* Department of Computer Science UC San Diego San Diego, CA 92093, USA prnaidu@ucsd.edu, ziw081@ucsd.edu, lbergen@ucsd.edu, rpaturi@ucsd.edu Abstract We train Transformer-based language models on ten foun- dational algorithmic tasks and observe pronouncedphase transitionsin their loss curves that deviate from established power-law scaling trends.
audited	w_34505df745b929e9	Random noise promotes slow heterogeneous synaptic dynamics important for robust working memory computation	INCLUDE	explicit-claims-results	1437	276	0	0	Title: Random noise promotes slow heterogeneous synaptic dynamics important for robust working memory computation. Claim: Importantly, this robust working memory performance induced by random noise during training is attributed to an increase in synaptic decay time constants of inhibitory… Supporting result: Relatedly, recent ﬁndings (28) provide critical insights into the mechanisms underlying the emergence of long behavioral timescales during temporal tasks involving complex sensory signals and high cognitive demands. Claim: Noise training creates a cell-type-specific slow inhibitory eigenmode organization used to maintain stimulus information. Supporting result: Although per-unit time constants are learnable parameters, preferential inhibitory specialization is not imposed. Spectral stability, stimulus-selective activity, fixed-excitatory-time-constant, and task controls connect the learned dominant modes to persistent working-memory behavior. Claim: Training-noise level controls a qualitative specialization of inhibitory dynamics tied to working-memory robustness. Supporting result: Six noise-channel levels across fifty random initializations shift learned inhibitory decay constants and dominant eigenmodes toward slower near-boundary dynamics while changing training success, long-delay accuracy, and perturbation resilience; no-noise, fixed-parameter, cell-ratio, and non-memory-task controls delimit the effect.
audited	w_3f4213b6cde6e5f0	Reasoning Circuits in Language Models: A Mechanistic Interpretation of Syllogistic Inference	EXCLUDE	explicit-claims-results	1298	277	0	0	Title: Reasoning Circuits in Language Models: A Mechanistic Interpretation of Syllogistic Inference. Claim: Through two distinct intervention methods, we uncover a sufficient and necessary circuit involving middle-term suppression that elucidates how LMs transfer information to derive valid… Supporting result: Overall, our findings suggest that LMs learn transferable content- independent reasoning mechanisms, but that, at the same time, such mechanisms do not involve generalizable and abstract logical primitives, being susceptible to contamination by the same world knowledge acquired during pre-training. 1 Introduction Language models (LMs) have led to remarkable results across various natural language processing tasks (Radford et al., 2018, 2019; Brown et al., 2020; OpenAI, 2024; Jason et al., 2022; Bubeck et al., 2023). Claim: Recent studies on reasoning in language models (LMs) have sparked a debate on whether they can learn systematic inferential principles or merely exploit superficial… Supporting result: J Generalizability Across Model Sizes Our approach is guided by the universality hypoth- esis, which suggests that similar representational patterns and circuits emerge across models trained on the same dataset (Olah et al., 2020; Kornblith et al., 2019; Li et al., 2015).
audited	w_4c59d2e23a4fc16d	Recurrent Information Optimization with Local, Metaplastic Synaptic Dynamics	EXCLUDE	explicit-claims-results	243	48	0	0	Title: Recurrent Information Optimization with Local, Metaplastic Synaptic Dynamics. Claim: Finally, we show the consistency of the resultant learned networks with notions of criticality, including balanced ratios of excitation and inhibition.
audited	w_ca22559e045ae009	Recurrent neural network models for working memory of continuous variables: activity manifolds, connectivity patterns, and dynamic codes	EXCLUDE	explicit-claims-results	1248	231	0	0	Title: Recurrent neural network models for working memory of continuous variables: activity manifolds, connectivity patterns, and dynamic codes. Claim: A Clifford torus treats the two orientations equally and keeps them in orthogonal subspaces, as demanded by the task, whereas a standard torus does… Supporting result: Low-dimensional manifolds of recurrent-unit activities To understand how neural circuits may represent multiple items of continuous values, we trained RNNs to remember two successively presented input orientations and decoded them later (Figure 1). Claim: Recurrent neural network models for working memory of continuous variables: activity manifolds, connectivity patterns, and dynamic codes. Supporting result: Recurrent neural network models for working memory of continuous variables: activity manifolds, connectivity patterns, and dynamic codes Christopher J. Claim: We investigate how this structure is represented in neural circuits by training recurrent networks to report two previously shown stimulus orientations. Supporting result: Next, standard and Cliﬀord tori make diﬀerent predictions about the geometry (orthog- onality and parallelism) of the subspaces formed by ﬁxing one orientation while varying the other.
audited	w_71088ab66e735f6d	Recurrent Neural Networks Learn to Store and Generate Sequences using Non-Linear Representations	INCLUDE	explicit-claims-results	1461	333	0	0	Title: Recurrent Neural Networks Learn to Store and Generate Sequences using Non-Linear Representations. Claim: These representations have layered features that are impossible to locate in distinct linear subspaces. Supporting result: Intervention-based Methods Recent years have seen an outpouring of new methods in which inter- ventions are performed on linear representations, e.g., entire vectors (Vig et al., 2020; Geiger et al., 2020; Finlayson et al., 2021; Wang et al., 2023), individual dimensions of weights (Csordás et al., 2021) and hidden vectors (Giulianelli et al., 2018; De Cao et al., 2020; Davies et al., 2023), linear subspaces (Ravfogel et al., 2020; Geiger et al., 2024b; Belrose et al., 2023), or linear features from a sparse dictionary (Marks et al., 2024; Makelov et al., 2024). Claim: Narrow recurrent networks learn an onion-like scaled-token coordinate system for sequence memory. Supporting result: The nonlinear code is not prescribed, is mathematically characterized across token positions, and interventions that preserve its structure recover about ninety percent of autoregressive decoding while destructive controls impair behavior. Claim: Network width changes the sequence representation from nonlinear onion storage to a linear code. Supporting result: Widths from 48 to 1024 and training trajectories connect the internal-code switch to sequence reconstruction, with five-run replications and representation interventions.
audited	w_67833e8bc8bb92f5	Redundant representations help generalization in wide neural networks * , †	INCLUDE	explicit-claims-results	1328	251	0	0	Title: Redundant representations help generalization in wide neural networks * , †. Claim: A small random chunk of the learned final representation faithfully preserves the task information in the full layer. Supporting result: Without retraining, sufficiently large neuron subsets retain near-zero training error and the full network's test scaling, linearly reconstruct nearly all full-layer variance, and leave only weakly correlated residuals, directly demonstrating a smaller functional representation. Claim: Representation redundancy appears only beyond a critical interpolation-linked width. Supporting result: The internal redundancy onset is paired with the zero-training-error boundary and a change to inverse-square-root generalization scaling; repeated random chunks, multiple architectures and datasets, plus regularization and training-duration controls reproduce and move the boundary. Claim: Increasing width beyond interpolation reorganizes the final representation into redundant task-feature copies. Supporting result: Width series across fully connected, DenseNet, Wide-ResNet, and ResNet models link the onset and increasing number of redundant chunks to zero training error and continued test-error improvement; architecture, early-stopping, and weight-decay controls remove the organization as predicted.
audited	w_f1b4b88248a84fdc	Reinforcement Learning for Reasoning in Large Language Models with One Training Example	EXCLUDE	explicit-claims-results	519	103	0	0	Title: Reinforcement Learning for Reasoning in Large Language Models with One Training Example. Claim: We also show the critical role of promoting exploration (e.g., by incorporating entropy loss with an appropriate coefficient) in 1-shot RLVR training. Supporting result: We also show the critical role of promoting exploration (e.g., by incorporating entropy loss with an appropriate coefficient) in 1-shot RLVR training. Claim: Reinforcement Learning for Reasoning in Large Language Models with One Training Example.
audited	w_6a9409d4892f5b2e	Relational Schemata in BERT Are Inducible, Not Emergent: A Study of Performance vs. Competence in Language Models	EXCLUDE	explicit-claims-results	533	98	0	0	Title: Relational Schemata in BERT Are Inducible, Not Emergent: A Study of Performance vs. Competence in Language Models. Claim: These findings demonstrate that behavioral performance does not necessarily imply structured conceptual understanding, though models can acquire inductive biases for grounded relational abstraction through… Supporting result: From early developmental stages, humans categorize concepts and experiences not only by individual features, but also by how these concepts relate to one another (Gentner, 1983).
audited	w_a11738764f341243	Representations in the hippocampal-entorhinal system emerge from learning sensory predictions	EXCLUDE	explicit-claims-results	449	94	0	0	Title: Representations in the hippocampal-entorhinal system emerge from learning sensory predictions. Claim: Here, we introduce a neurobiologically-inspired and robust computational model in which diverse cell types emerge from a single learning objective with minimal hand-engineered assumptions. Supporting result: Representations in the hippocampal-entorhinal system emerge from learning sensory predictions Diego Gomez1∗, Michael Bowling1,3†, J.
audited	w_a03de8e37b580793	Rethinking the Harmonic Loss via Non-Euclidean Distance Layers	EXCLUDE	explicit-claims-results	1348	262	0	0	Title: Rethinking the Harmonic Loss via Non-Euclidean Distance Layers. Claim: The harmonic loss is a distance-based alternative grounded in Euclidean geometry that improves interpretability and mitigates phenomena such as grokking, or delayed generalization on… Supporting result: We also offer preliminary theoretical insights into how different distance metrics influence the geometry of the learned model (e.g., relatingL1 losses to median-based class centers vs.L2 to mean-based centers), which could inform the selection of an optimal loss for a given objective. 2 Harmonic loss Harmonic loss replaces the conventional inner-product logits and softmax normalization with a distance-based formulation: model predictions are derived from the distances between the sample’s representation andclass prototypevectors (the learned weight vectors for each class). Claim: Cross-entropy loss has long been the standard choice for training deep neural networks, yet it suffers from interpretability limitations, unbounded weight growth, and inefficiencies… Supporting result: The harmonic loss replaces the conventional inner-product logits and softmax normalization with a distance-based formulation: model predictions are derived from the distances between the sample’s representation andclass prototypevectors (learned weight vectors for each class).
audited	w_a9cb982ac7d47107	Revealing Algorithmic Deductive Circuits for Logical Reasoning	EXCLUDE	explicit-claims-results	1373	276	0	0	Title: Revealing Algorithmic Deductive Circuits for Logical Reasoning. Claim: This work aims to localize the attention heads responsible for individual reasoning steps and characterize the types of information transferred among them. Supporting result: Circuit Specialization.The results show that for each circuit, each type of reasoning head typi- cally transfers information corresponding to its role. Claim: Recent studies have shown that Large Language Models (LLMs) can achieve strong reasoning performance by incorporating functional symbolic representations that abstractly describe graph traversal… Supporting result: In addition, our findings indicate that LLMs retrieve factual and rule-based information for individual sub- reasoning tasks through specialized attention heads (approximately 3% total heads), whereas higher layers predominantly facilitate informa- tion integration and the emergence of global reasoning strategies (e.g., graph traversal algo- rithms) that coordinate multiple intermediate reasoning steps to solve the overall task. 1 Introduction Large Language Models (LLMs) and Chain-of- Thought techniques (CoT) continue to demonstrate impressive performance across a wide range of Natural Language Processing (NLP) tasks (Singh et al., 2025; Adcock et al., 2026; Dubey et al., 2024; Yang et al., 2025a; Brown et al., 2020; Wei et al., 2022).
audited	w_c6f5b81db8e0569b	Scan and Snap: Understanding Training Dynamics and Token Composition in 1-layer Transformer	EXCLUDE	explicit-claims-results	673	135	0	0	Title: Scan and Snap: Understanding Training Dynamics and Token Composition in 1-layer Transformer. Claim: Interestingly, this procedure does not lead to winner-takes-all, but decelerates due to a \emph{phase transition} that is controllable by the learning rates of the… Supporting result: In particular, with a simple predictive loss, how the representation emerges from the gradient training dynamics remains a mystery. Claim: Scan and Snap: Understanding Training Dynamics and Token Composition in 1-layer Transformer. Supporting result: In particular, with a simple predictive loss, how the representation emerges from the gradient training dynamics remains a mystery.
audited	w_83e64ad84caa32d8	Schema-learning and rebinding as mechanisms of in-context learning and emergence	EXCLUDE	explicit-claims-results+abstract-fallback	1463	316	0	0	Title: Schema-learning and rebinding as mechanisms of in-context learning and emergence. Abstract fallback: In-context learning (ICL) is one of the most powerful and most unexpected capabilities to emerge in recent transformer-based large language models (LLMs). Yet the mechanisms that underlie it are poorly understood. In this paper, we demonstrate that comparable ICL capabilities can be acquired by an alternative sequence prediction learning method using clone-structured causal graphs (CSCGs). Moreover, a key property of CSCGs is that, unlike transformer-based LLMs, they are {\em interpretable}, which considerably simplifies the task of explaining how ICL works. Specifically, we show that it uses a combination of (a) learning template (schema) circuits for pattern completion, (b) retrieving relevant templates in a context-sensitive manner, and (c) rebinding of novel tokens to appropriate slots in the templates. We go on to marshall evidence for the hypothesis that similar mechanisms underlie ICL in LLMs. For example, we find that, with CSCGs as with LLMs, different capabilities emerge at different levels of overparameterization, suggesting that overparameterization helps in learning more complex template (schema) circuits. By showing how ICL can be achieved with small models and datasets, we open up a path to novel architectures, and take a vital step towards a more general understanding of the mechanics behind this important capability.
audited	w_82bddad1cc78d3a0	Self-Supervised Learning of Representations for Space Generates Multi-Modular Grid Cells	EXCLUDE	explicit-claims-results	929	201	0	0	Title: Self-Supervised Learning of Representations for Space Generates Multi-Modular Grid Cells. Claim: To solve the spatial problems of mapping, localization and navigation, the mammalian lineage has developed striking spatial representations. Supporting result: Self-Supervised Learning of Representations for Space Generates Multi-Modular Grid Cells Rylan Schaeffer∗ Computer Science Stanford University rschaef@cs.stanford.edu Mikail Khona∗ Physics MIT mikail@mit.edu Tzuhsuan Ma Janelia Research Campus Howard Hughes Medical Institute mat@janelia.hhmi.org Cristóbal Eyzaguirre Computer Science Stanford University ceyzaguirre@stanford.edu Sanmi Koyejo Computer Science Stanford University sanmi@cs.stanford.edu Ila Rani Fiete Brain and Cognitive Sciences MIT fiete@mit.edu Abstract To solve the spatial problems of mapping, localization and navigation, the mam- malian lineage has developed striking spatial representations.
audited	w_89fd2479381ba2a1	Semantic representations emerge in biologically inspired ensembles of cross-supervising neural networks	EXCLUDE	explicit-claims-results	1460	302	0	0	Title: Semantic representations emerge in biologically inspired ensembles of cross-supervising neural networks. Claim: We further show that performance is optimal for small receptive fields, and that sparse connectivity between networks is nearly as accurate as all-to-all interactions,… Supporting result: Predictive learning as a network mechanism for extracting low-dimensional latent space representations.bioRxiv, 2020. doi: 10.1101/471987. Claim: We suggest that interactions between parallel subnetworks in the brain may underlie such learning: we present a model of representation learning by ensembles of… Supporting result: Predictive learning as a network mechanism for extracting low-dimensional latent space representations.bioRxiv, 2020. doi: 10.1101/471987. Claim: Analogously, unsupervised training of artificial neural networks yields internal representations that allow for accurate stimulus classification or decoding, but typically rely on biologically-implausible implementations. Supporting result: Semantic representations emerge in biologically inspired ensembles of cross-supervising neural networks Roy Urbach Department of Brain Sciences Weizmann Institute of Science Rehovot, Israel roy.urbach@gmail.com Elad Schneidman Department of Brain Sciences Weizmann Institute of Science Rehovot, Israel elad.schneidman@weizmann.ac.il Abstract Brains learn to represent information from a large set of stimuli, typically by weak supervision.
audited	w_de78b34865a33cc1	Sequential predictive learning is a unifying theory for hippocampal representation and replay	INCLUDE	explicit-claims-results	876	163	0	0	Title: Sequential predictive learning is a unifying theory for hippocampal representation and replay. Claim: Sequential prediction learns a continuous attractor reflecting environmental geometry. Supporting result: From spatially ambiguous egocentric images and without assigned place coordinates, the recurrent system learns a formally measured attractive manifold that generates coherent sensory-associated replay, recent-location recall, and head-direction-guided novel trajectories. Claim: At least two predicted timesteps are required for an attractive cognitive map and replay. Supporting result: Prediction-horizon sweeps from zero to six steps pair the onset of a continuous attractor with coherent, plausible offline trajectories; nine-seed, hyperparameter, action-code, architecture, geometry, ambiguity, and continuous-environment controls reproduce the transition.
audited	w_7a781449242321ca	Single-unit activations confer inductive biases for emergent circuit solutions to cognitive tasks	EXCLUDE	explicit-claims-results	650	132	0	0	Title: Single-unit activations confer inductive biases for emergent circuit solutions to cognitive tasks. Claim: Using a model distillation approach, we find that differences in neural representations and dynamics reflect qualitatively distinct circuit solutions to cognitive tasks emerging in… Claim: Contrary to this view, we show that single-unit activation functions confer inductive biases that influence the geometry of neural population trajectories, single-unit selectivity, and… Claim: Trained recurrent neural networks (RNNs) have become the leading framework for modeling neural dynamics in the brain, owing to their capacity to mimic how…
audited	w_daee53647d83a6c7	Social-JEPA: Emergent Geometric Isomorphism	EXCLUDE	explicit-claims-results	1241	264	0	0	Title: Social-JEPA: Emergent Geometric Isomorphism. Claim: World models compress rich sensory streams into compact latent codes that anticipate future observations. Supporting result: Assume that the environment state s contains the information needed to predict targets from contexts, and that an optimal JEPA encoder f compresses observations into a representation that is suﬀicient for the prediction task (cf. information bottleneck perspectives ( Tishby et al. , 2000; Tishby & 18 Claim: World models compress rich sensory streams into compact latent codes that anticipate future observations. Supporting result: These findings align with the broader push toward latent predictive learning for world models, including V-JEPA ( Bardes et al. , 2024). Claim: We let separate agents acquire such models from distinct viewpoints of the same environment without any parameter sharing or coordination. Supporting result: Social-JEPA: Emergent Geometric Isomorphism in Independently Trained World Models Haoran Zhang 1 * Youjin Wang 1 * Yi Duan 1 Rong Fu 2 Dianyu Zhao 1 Sicheng Fan 3 Shuaishuai Cao 4 Wentao Guo 5 Xiao Zhou 1 Abstract World models compress rich sensory streams into compact latent codes that anticipate fu- ture observations.
audited	w_38e23f5995c71d9b	Spatial reasoning via recurrent neural dynamics in mouse retrosplenial cortex	INCLUDE	explicit-claims-results	1381	241	0	0	Title: Spatial reasoning via recurrent neural dynamics in mouse retrosplenial cortex. Claim: A roughly three-dimensional recurrent manifold retains the variables needed for spatial hypothesis updating. Supporting result: Correlation dimension, stable pairwise dynamics, and a 128-unit versus random-network control establish a compact state; the manifold retains landmark, displacement, and hypothesis information, performs near-Bayesian localization, and attracts large perturbations back to functional trajectories. Claim: The recurrent network learns multimodal hypothesis states and a displacement-to-location coordinate transformation. Supporting result: Landmark identities and hypothesis coordinates are not provided. Correlation dimension and attractor trajectories formally characterize the learned states, and controls that reveal landmark identity remove the bimodal code while the original dynamics maintain, update, and use it for choices. Claim: Navigation learning produces a low-dimensional recurrent hypothesis organization paired with successful reasoning. Supporting result: Low-performing training sessions and matched random-recurrent controls lack the acquired organization, while trained networks and learned animals develop hypothesis states that predict correct choices; architectures, environments, initializations, and animals replicate the relationship.
audited	w_b1a722c7add3a18c	Specialization of softmax attention heads: insights from the high-dimensional single-location model	INCLUDE	explicit-claims-results	751	136	0	0	Title: Specialization of softmax attention heads: insights from the high-dimensional single-location model. Claim: Heads specialize rapidly when optimization escapes a symmetric saddle. Supporting result: The internal order parameters and prediction loss change together at saddle escape, with one hundred independent runs, high-dimensional theory, finite-model simulations, and an image-data control replicating the transition. Claim: Training time reorganizes attention heads from a shared average into sequentially specialized predictors. Supporting result: Gradient-flow theory and training trajectories connect head order parameters to loss reduction; dimensional, signal, initialization, and MNIST controls reproduce the specialization sequence.
audited	w_a124ea491b1e38a3	Spectral Entropy Collapse as a Phase Transition in Delayed Generalisation: An Interventional and Predictive Framework for Grokkin	INCLUDE	explicit-claims-results	1806	361	0	0	Title: Spectral Entropy Collapse as a Phase Transition in Delayed Generalisation: An Interventional and Predictive Framework for Grokkin. Claim: Representations concentrate into task-structured directions. Supporting result: Entropy reduction retains Fourier task structure; norm-matched representation mixing delays both the reduction and grokking, while MLP controls delimit sufficiency. Claim: Spectral Entropy Collapse as a Phase Transition in Delayed Generalisation: An Interventional and Predictive Framework for Grokkin. Supporting result: Spectral Entropy Collapse as a Phase Transition in Delayed Generalisation: An Interventional and Predictive Framework for Grokking Truong Xuan Khanh*1 Truong Quynh Hoa*1 Luu Duc Trung 1 Phan Thanh Duc 2 1H&K Research Studio, Clevix LLC, Hanoi, Vietnam 2Banking Academy of Vietnam, Hanoi, Vietnam Abstract Grokking — the phenomenon whereby a neural network first memorises a training set and later, after a prolonged plateau, generalises to unseen data — lacks a principled mechanistic explanation that is both interventionally testable and predictive. Claim: We study this phenomenon through the geometry of learned representations and identify a consistent empirical signature preceding generalisation: collapse of the spectral entropy of… Supporting result: [2025] demonstrated grokking of modular arithmetic withRecursive Feature Machines(RFM) — a kernel-method algorithm that uses the Average Gradient Outer Product (AGOP) for feature learning, without SGD and without neural architecture. Claim: Spectral entropy collapse precedes delayed generalisation during training. Supporting result: Across training checkpoints, tasks, architectures, and seeds, task-aligned spectral concentration develops before accuracy; mixing interventions shift both timings.
audited	w_8c5442dfb760aae0	Spectral phase transitions and trainability in neural network learning dynamics	INCLUDE	explicit-claims-results	946	183	0	0	Title: Spectral phase transitions and trainability in neural network learning dynamics. Claim: The emergence of low-dimensional structures in the spectra of neural network weight matrices is a common empirical feature of trained models, but the dynamical… Supporting result: V we demonstrate that the proposed framework remains predictive in realistic learning set- tings, where the informative signals span low-dimensional subspaces [33–35]. Claim: A dynamical BBP transition occurs at a critical time and step size. Supporting result: The exact teacher-student boundary predicts eigenvalue detachment and performance regimes; nonlinear, multilayer, and stochastic simulations serve as independent controls. Claim: An isolated signal eigenvalue emerges from the random bulk during training. Supporting result: Time, step size, variance, and sample-load sweeps connect spectral signal alignment to trainability in analytic and nonlinear networks.
audited	w_dd8fdb677c189adf	Spontaneous emergence of music detectors in a deep neural network	EXCLUDE	explicit-claims-results	1744	328	0	0	Title: Spontaneous emergence of music detectors in a deep neural network. Claim: We confirmed that the process of generalization is critical for the emergence of music-selectivity and that music-selectivity can work as a functional basis for… Supporting result: Page 2 of 34 Abstract 12 Music exists in almost every society, has universal acoustic features, and is processed by 13 distinct neural circuits in humans even with no experience of musical training. Claim: We confirmed that the process of generalization is critical for the emergence of music-selectivity and that music-selectivity can work as a functional basis for… Supporting result: We confirmed that the process of generalization is critical for the emergence of 24 music-selectivity and that music-selectivity can work as a functional basis for the 25 generalization of natural sound, thereby elucidating its origin. Claim: Abstract Music exists in almost every society, has universal acoustic features, and is processed by distinct neural circuits in humans even with no experience… Supporting result: As the perception and production of music stem 33 from the ability of our brain to process the information about musical elements3–7, the universality 34 question is closely related to how neural circuits for processing music develop, and how 35 universals arise during the developmental process regardless of the diversification of neural 36 circuits derived by the spectacular variety of sensory inputs from different cultures and societies. 37 In our brain, music is processed by music-selective neural populations in distinct regions 38 of the non-primary auditory cortex; these neurons respond selectively to music and not speech or 39 other environmental sounds6,8,9.
audited	w_4cc49e7d299cfe8c	Spontaneous emergence of topographic organization in a multistream convolutional neural network	EXCLUDE	explicit-claims-results	877	201	0	0	Title: Spontaneous emergence of topographic organization in a multistream convolutional neural network. Claim: Spontaneous emergence of topographic organization in a multistream convolutional neural network. Supporting result: 20260224 1 Spontaneous emergence of topographic organization in a multistream convolutional neural network Hiroshi Tamura1, 2* 1Graduate School of Frontier Biosciences, The University of Osaka, Suita, Osaka 565-0871, Japan 2Center for Information and Neural Networks, Suita, Osaka 565-0871, Japan Number of pages: 24 Number of figures: 8 Number of tables: 0 Word counts: Abstract, 199; Introduction, 588; Discussion, 741 .CC-BY-NC-ND 4.0 International licenseperpetuity. Claim: In the primate visual cortex, neighboring neurons often respond to similar stimulus parameters, such as receptive field position, orientation, color, and spatial frequency.
audited	w_6ab1d89d9c4e7dd2	Stability control of metastable states as a unified mechanism for flexible temporal modulation in cognitive processing	EXCLUDE	explicit-claims-results	539	93	0	0	Title: Stability control of metastable states as a unified mechanism for flexible temporal modulation in cognitive processing. Claim: We developed a biologically plausible neural network model that incorporates neurons with multiple timescales and Hebbian learning rules. Supporting result: Our findings provide a unified mechanism for understanding various forms of temporal modulation and suggest a novel computational role for neural timescale diversity in dynamically adapting cognitive performance to changing environmen- tal demands.
audited	w_0434419d04af1ffa	State space models, emergence, and ergodicity: How many parameters are needed for stable predictions?	EXCLUDE	explicit-claims-results	727	142	0	0	Title: State space models, emergence, and ergodicity: How many parameters are needed for stable predictions?. Claim: It has been argued that large language models, pre-trained via self-supervised learning, exhibit emergent capabilities such as multi-step reasoning as their number of parameters… Supporting result: It has been argued that large language models, pre-trained via self-supervised learning, exhibit emergent capabilities such as multi-step reasoning as their number of parameters reach a critical scale. Claim: State space models, emergence, and ergodicity: How many parameters are needed for stable predictions?. Supporting result: Understanding inverse scaling and emergence in multitask representation learning.
audited	w_8bb54bfea1acc1db	State Stream Transformer (SST) : Emergent Metacognitive Behaviours Through Latent State Persistence	EXCLUDE	explicit-claims-results+abstract-fallback	1741	323	0	0	Title: State Stream Transformer (SST) : Emergent Metacognitive Behaviours Through Latent State Persistence. Abstract fallback: We introduce the State Stream Transformer (SST), a novel LLM architecture that reveals emergent reasoning behaviours and capabilities latent in pretrained weights through addressing a fundamental limitation in traditional transformer models: the lack of latent computational continuity across autoregressive generations in the state space. SST introduces a sliding window latent state (FFN) cache with weighted decay that maintains and evolves persistent latent processes throughout autoregressive generations. Through controlled experiments comparing base and SST architectures using the same frozen weights, we demonstrate that this architectural modification alone enables enhanced reasoning capabilities which appear best explained by some form of potential higher-order processing, as evidenced by emergent metacognitive behaviours. These behaviours persist under controlled conditions designed to eliminate confounding factors such as stochastic variation or learned response patterns. Analysis of latent state distributions and processing dynamics provides evidence that it is solely the 'state stream' that is responsible for these phenomena. In quantitative evaluations, the SST achieves substantial performance improvements over the base model on two reasoning benchmarks, reaching 89.01\% accuracy on GSM-8K (0-shot) and 91.04\% on ARC Challenge (0-shot CoT). These findings indicate that persistent computation in the latent state space enables fundamentally different information processing and internal reasoning strategies, with implications for our understanding of artificial intelligence systems.
audited	w_be7a6d5176757697	States Hidden in Hidden States: LLMs Emerge Discrete State Representations Implicitly	EXCLUDE	explicit-claims-results	537	121	0	0	Title: States Hidden in Hidden States: LLMs Emerge Discrete State Representations Implicitly. Claim: States Hidden in Hidden States: LLMs Emerge Discrete State Representations Implicitly. Supporting result: States Hidden in Hidden States: LLMs Emerge Discrete State Representations Implicitly Junhao Chen, Shengding Hu, Zhiyuan Liu∗, Maosong Sun∗ Department of Computer Science and Technology, Tsinghua University Beijing, China chenjunh22@mails.tsinghua.edu.cn Abstract Large Language Models (LLMs) exhibit vari- ous emergent abilities.
audited	w_cf6cf36d9750b226	Strategy Coopetition Explains the Emergence and Transience of In-Context Learning	EXCLUDE	explicit-claims-results	904	209	0	0	"Title: Strategy Coopetition Explains the Emergence and Transience of In-Context Learning. Claim: CIWL thus both cooperates and competes with ICL, a phenomenon we term ""strategy coopetition."" We propose a minimal mathematical model that reproduces these key… Supporting result: We suspect that the large num- ber of classes present (12800), compared to the dimension of the model (64) and number of heads (8) lead to the in- dividual skip-trigrams (for each exemplar-label pair) being stored in superposition (similar to sparse features stored in Transformer MLPs (Bricken et al., 2023); preliminary evidence in Appendix C.2). 4.2. Claim: Recent work has established emergent ICL as a transient phenomenon that can sometimes disappear after long training times. Supporting result: Recent work has established emergent ICL as a transient phenomenon that can sometimes dis- appear after long training times."
audited	w_6ab9ecac32c07a9d	Structure Before Collapse: Transient semantic geometry in next-token prediction	EXCLUDE	explicit-claims-results	1592	302	0	0	Title: Structure Before Collapse: Transient semantic geometry in next-token prediction. Claim: We study this phase transition through Gram matrix analysis and propose a preliminary modification to the commonly used unconstrained features model to capture the… Supporting result: We study this phase transition through Gram matrix analysis and propose a preliminary modification to the commonly used unconstrained features model to capture the emergent semantic geometry. 1 Introduction How do language models learn latent structure in language when, overwhelmingly, the long training contexts that they use to learn next-word-prediction are unique (Goodman, 2001; Buck et al., 2014; Lu et al., 2025)? Claim: Structure Before Collapse: Transient semantic geometry in next-token prediction. Supporting result: We study this phase transition through Gram matrix analysis and propose a preliminary modification to the commonly used unconstrained features model to capture the emergent semantic geometry. 1 Introduction How do language models learn latent structure in language when, overwhelmingly, the long training contexts that they use to learn next-word-prediction are unique (Goodman, 2001; Buck et al., 2014; Lu et al., 2025)? Claim: This creates a puzzle: next-token prediction language models are trained predominantly (as context length increases) with one-hot labels: the same context is very unlikely… Supporting result: We find that semantic geometry emerges early in training, and that representations cluster by shared attributes despite receiving no explicit supervision to do so.
audited	w_4ec0813caf380920	Structure-Specific Representational Priors Causally Control the Grokking Delay	INCLUDE	explicit-claims-results	1302	268	0	0	Title: Structure-Specific Representational Priors Causally Control the Grokking Delay. Claim: Generalization requires concentration into the task's periodic feature family. Supporting result: Top-frequency concentration and held-out class clustering are selectively retained in successful runs; structurally matched interventions and norm controls establish functional relevance. Claim: We test it causally by injecting representational priors of varying content into a one-layer transformer learning modular addition, via a supervised-contrastive loss whose positives… Supporting result: We test it causally, by injecting representational priors of varying structural content into a one-layer transformer learning modular addition: a supervised-contrastive auxiliary loss whose positive sets encode (i) the task’s true equivalence structure (( a + b) modp ), (ii) a coherent-but- wrong sibling structure (( a−b ) modp ), or (iii) a random partition — all with identical loss form, strength, class-size distribution, and geometry. Claim: The delay is the time required to form task-structured representations. Supporting result: Representation probes evolve through training and predict generalization in all 95 runs; true, sibling, shuffled, and exact norm-replay interventions alter the trajectories.
audited	w_20e6e75b99ee90d7	Structured World Representations in Maze-Solving Transformers	EXCLUDE	explicit-claims-results+abstract-fallback	1127	216	0	0	Title: Structured World Representations in Maze-Solving Transformers. Abstract fallback: Transformer models underpin many recent advances in practical machine learning applications, yet understanding their internal behavior continues to elude researchers. Given the size and complexity of these models, forming a comprehensive picture of their inner workings remains a significant challenge. To this end, we set out to understand small transformer models in a more tractable setting: that of solving mazes. In this work, we focus on the abstractions formed by these models and find evidence for the consistent emergence of structured internal representations of maze topology and valid paths. We demonstrate this by showing that the residual stream of only a single token can be linearly decoded to faithfully reconstruct the entire maze. We also find that the learned embeddings of individual tokens have spatial structure. Furthermore, we take steps towards deciphering the circuity of path-following by identifying attention heads (dubbed $\textit{adjacency heads}$), which are implicated in finding valid subsequent tokens.
audited	w_216dc523ea90641f	Symmetric Pruning in Quantum Neural Networks	EXCLUDE	explicit-claims-results	674	136	0	0	Title: Symmetric Pruning in Quantum Neural Networks. Claim: Despite the significance of ground states preparation (GSP), this task is classically intractable for large-scale Hamiltonians. Supporting result: Nevertheless, the criteria to reach such a critical point is stringent, i.e., the number of parameterized gates or the circuit depth scales exponentially with the problem size, which hurdles the application of over-parameterized QNNs in practice. # parameterized gate Training error 0 Under-parameterized Over-parameterized Slow convergence Local minimum critical point SP Fast convergence Global minimum Figure 1: The critical point of the over-parameterized regime.
audited	w_836f9ea39dbbe203	Symmetry in language statistics shapes the geometry of model representations	EXCLUDE	explicit-claims-results	386	77	0	0	Title: Symmetry in language statistics shapes the geometry of model representations. Claim: Symmetry in language statistics shapes the geometry of model representations. Supporting result: We begin with a general result: Proposition 1 predicts the geometry of learned word embeddings for words on a se- mantic lattice with arbitrary dimension D, arbitrary kernel C(·), and periodic BCs.
audited	w_5c54f66764cf4f97	Temporal hierarchy in spiking neural networks	INCLUDE	explicit-claims-results	731	134	0	0	Title: Temporal hierarchy in spiking neural networks. Claim: Homogeneously initialized spiking networks spontaneously form a layerwise temporal hierarchy. Supporting result: Individual time constants are learned without a prescribed hierarchy, are formally summarized by layer and depth, and imposed, reversed, frozen, and shuffled controls show that the resulting organization supports multiscale temporal computation. Claim: Task hierarchy and network depth control a layerwise hierarchy of learned neuronal time constants. Supporting result: Temporal-amplitude, depth, imposed/reversed-hierarchy, and task controls connect the learned time-constant allocation to temporal XOR and speech-event performance across repeated trials.
audited	w_820056212d8d8746	The Agnostic Meaning Substrate: A Theoretical Framework for Emergent Meaning in Large Language Models	EXCLUDE	explicit-claims-results	1430	266	0	0	Title: The Agnostic Meaning Substrate: A Theoretical Framework for Emergent Meaning in Large Language Models. Claim: This study examines the Agnostic Meaning Substrate (AMS), a proposed language-agnostic layer in large language models (LLMs) in which conceptual meaning stabilizes beyond symbolic… Supporting result: Artificial Intelligence and Applications Vol. 00 Iss. 00 2026 Table 1 Comparing AMS with Neuralese and Conceptual Space Theory Feature Neuralese CST AMS Origin Learned, opaque Human-defined axes Emergent from relational inference Structure Task-specific codes Predefined geometry Dynamic topological field Generalization W eak cross-task Symbol-constrained Strong multilingual transfer Interpretability Low Medium Latent, inferred through coherence and stress tests Language dependence Task-bound Language-dependent Language-agnostic Table 2 Comparison of theories: foundational assumptions Theory Requires embodiment? Claim: The AMS framework therefore provides a testable perspective on semantic stability in artificial intelligence (AI), with implications for interpretability, multilingual representation, computational semantics, and… Supporting result: The AMS frame- work therefore provides a testable perspective on semantic stability in artificial intelligence (AI), with implications for interpretability , multilingual representation, computational semantics, and the ethical development of AI systems.
audited	w_4ed5458b1772d1f2	The Birth of Knowledge: Emergent Features across Time, Space, and Scale in Large Language Models	EXCLUDE	explicit-claims-results	1463	321	0	0	Title: The Birth of Knowledge: Emergent Features across Time, Space, and Scale in Large Language Models. Claim: Using sparse autoencoders for mechanistic interpretability, we identify when and where specific semantic concepts emerge within neural activations. Supporting result: We track how interpretable, categorical features surface in a language model over time (training checkpoints), space (depth across transformer blocks), and scale (parameter count), progressing from sparse or absent concepts (grey bulbs) to rich representations (yellow bulbs) and parameters multiply [6–10]. Claim: Results indicate clear temporal and scale-specific thresholds for feature emergence across multiple domains. Supporting result: Results indicate clear temporal and scale-specific thresholds for feature emergence across multiple do- mains. Claim: The Birth of Knowledge: Emergent Features across Time, Space, and Scale in Large Language Models. Supporting result: arXiv:2505.19440v1 [cs.CL] 26 May 2025 The Birth of Knowledge: Emergent Features across Time, Space, and Scale in Large Language Models Shashata Sawmya1 Micah Adler1 Nir Shavit1,2 1Massachusetts Institute of Technology 2Red Hat, Inc. {shashata, micah, shanir}@mit.edu Abstract This paper studies the emergence of interpretable categorical features within large language models (LLMs), analyzing their behavior across training checkpoints (time), transformer layers (space), and varying model sizes (scale).
audited	w_dbd268417dd9318a	The Complexity Dynamics of Grokking	EXCLUDE	explicit-claims-results	1830	343	0	0	Title: The Complexity Dynamics of Grokking. Claim: To characterize this phase transition, we introduce a theoretical framework for measuring complexity based on rate-distortion theory and Kolmogorov complexity, which can be understood… Supporting result: The coarse-grained state is then compressed with off-the-shelf programs such asbzip2, with the compressed file size providing improved complexity estimates. Claim: We demonstrate the existence of a complexity phase transition in neural networks by studying the grokking phenomenon, where networks suddenly transition from memorization to… Supporting result: The Complexity Dynamics of Grokking Branton DeMossa,∗, Silvia Saporaa, Jakob Foerstera, Nick Hawesa, Ingmar Posnera aDepartment of Engineering Science, University of Oxford, Oxford, United Kingdom Abstract We demonstrate the existence of a complexity phase transition in neural networks by studying the grokking phenomenon, where networks suddenly transition from memorization to generalization long after overfitting their training data. Claim: We demonstrate the existence of a complexity phase transition in neural networks by studying the grokking phenomenon, where networks suddenly transition from memorization to… Supporting result: We use Algorithm 1 to coarse-grain models with ϵ = 1. • A theoretical framework connecting neural network complexity to Kolmogorov complexity through lossy compression, with explicit links to generalization bounds. • Empirical demonstration of a complexity phase transition during grokking, characterized by a rise and fall pattern that distinguishes generalizing from memorizing solutions. • A regularization method based on spectral entropy that encourages networks toward low-complexity representations by penalizing a differentiable measure of their effective dimension. 2.
audited	w_217259c652559d80	The Emergence of Abstract Thought in Large Language Models Beyond Any Language	EXCLUDE	explicit-claims-results	1713	384	0	0	Title: The Emergence of Abstract Thought in Large Language Models Beyond Any Language. Claim: This compact yet critical set of parameters underlies the model's ability to generalize beyond individual languages, supporting the emergence of abstract thought that is… Supporting result: By identifying and categorizing language-related neurons as either shared or exclusive, we uncover a consistent trend across model development: shared neurons not only increase in proportion but also grow in functional importance, eventually forming a compact yet critical set of language-agnostic neurons. Claim: This compact yet critical set of parameters underlies the model's ability to generalize beyond individual languages, supporting the emergence of abstract thought that is… Supporting result: This compact yet critical set of parameters underlies the model’s ability to generalize beyond indi- vidual languages, supporting the emergence of abstract thought that is not tied to any specific linguistic system. Claim: In this work, we find that LLMs progressively develop a core language-agnostic parameter space-a remarkably small subset of parameters whose deactivation results in significant… Supporting result: A.2 Self-Attention Network Neurons The output of a self-attention layer (for simplicity, we describe a single attention head; multi-head attention involves similar computations per head) can be given by: YAttn = Softmax (XW Q)(XW K)T √dk  (XW V ) (9) Let Q = XW Q ∈ Rl×dattn, K = XW K ∈ Rl×dattn, and V = XW V ∈ Rl×dattn, where dattn is the dimension of queries, keys, and values for the attention mechanism. dk is the scaling factor, typically the dimension of the key/query vectors (e.g., dk = dattn).
audited	w_ce559350ab146c7f	The emergence of sparse attention: impact of data distribution and benefits of repetition	EXCLUDE	explicit-claims-results	1445	266	0	0	Title: The emergence of sparse attention: impact of data distribution and benefits of repetition. Claim: The emergence of sparse attention: impact of data distribution and benefits of repetition. Supporting result: The formation of sparse attention – where Transformers’ attention layers focus on a small subset of critical tokens – coincides with sudden performance improvements in many emergent behaviors, including in-context learning abilities [12, 15] and factual recall [ 18]. Claim: Emergence is a fascinating property of large language models and neural networks more broadly: as models scale and train for longer, they sometimes develop… Supporting result: [18] (and to some extent Allen-Zhu and Li [26]) showed that repeating biographies of specific individuals speeds up the development of circuits critical for factual recall from model parameters. Claim: Emergence is a fascinating property of large language models and neural networks more broadly: as models scale and train for longer, they sometimes develop… Supporting result: The emergence of sparse attention: impact of data distribution and benefits of repetition Nicolas Zucchet∗ ETH Zürich Francesco D’Angelo EPFL Andrew Lampinen† Google DeepMind Stephanie Chan† Google DeepMind Abstract Emergence is a fascinating property of large language models and neural networks more broadly: as models scale and train for longer, they sometimes develop new abilities in sudden ways.
audited	w_49fbb6adb4c71e00	The Features at Convergence Theorem: a first-principles alternative to the Neural Feature Ansatz for how networks learn representations	EXCLUDE	explicit-claims-results	2117	439	0	0	Title: The Features at Convergence Theorem: a first-principles alternative to the Neural Feature Ansatz for how networks learn representations. Claim: We use first-order optimality conditions to derive the Features at Convergence Theorem (FACT), an alternative to the NFA that (a) obtains greater agreement with… Supporting result: We use first-order optimality conditions to derive the Features at Convergence Theorem (FACT), an alternative to the NFA that (a) obtains greater agreement with learned features at convergence, (b) explains why the NFA holds in most settings, and (c) captures essential feature learning phenomena in neural networks such as grokking behavior in modular arithmetic and phase transitions in learning sparse parities, similarly to the NFA. Claim: We use first-order optimality conditions to derive the Features at Convergence Theorem (FACT), an alternative to the NFA that (a) obtains greater agreement with… Supporting result: (2) We empirically demonstrate that our first-principles alternative captures neural network feature learning phenomena in many of the same ways that the NFA conjecture does.We show that when FACT (instead of NFA) is used to power an adaptive kernel learning algorithm [40], it also reproduces intriguing feature learning behaviors observed in neural networks such as training phase transitions when learning sparse parities [7, 2], grokking of modular arithmetic [37, 20], and high performance on tabular data matching the state-of-the-art [40]; see Section 4. Claim: Although the NFA is empirically validated, it is an educated guess and lacks a theoretical basis, and thus it is unclear when it might… Supporting result: We use first-order optimality conditions to derive the Features at Convergence Theorem (FACT), an alternative to the NFA that (a) obtains greater agreement with learned features at convergence, (b) explains why the NFA holds in most settings, and (c) captures essential feature learning phenomena in neural networks such as grokking behavior in modular arithmetic and phase transitions in learning sparse parities, similarly to the NFA.
audited	w_d59f0794873b2140	The Geometric Inductive Bias of Grokking: Bypassing Phase Transitions via Architectural Topology	EXCLUDE	explicit-claims-results	780	152	0	0	Title: The Geometric Inductive Bias of Grokking: Bypassing Phase Transitions via Architectural Topology. Claim: The Geometric Inductive Bias of Grokking: Bypassing Phase Transitions via Architectural Topology. Supporting result: One of the most striking examples is grokking: a delayed phase transition in which a model achieves near-perfect training accuracy while test accuracy remains low, followed by a sudden transition to full generalization after prolonged optimization. Claim: Mechanistic interpretability typically relies on post-hoc analysis of trained networks. Supporting result: Huang and Li [2025] proved a formal expressivity gap: sinusoidal activations require only constant width for modular addition, whereas ReLU networks require width scaling with the modulus.
audited	w_dc093e37a5dc7bb6	The Geometry of Grokking: Norm Minimization on the Zero-Loss Manifold	EXCLUDE	explicit-claims-results	996	242	0	0	Title: The Geometry of Grokking: Norm Minimization on the Zero-Loss Manifold. Claim: The Geometry of Grokking: Norm Minimization on the Zero-Loss Manifold. Supporting result: In this paper, we argue that post-memorization learning can be understood through the lens of constrained optimization: gradient descent effectively minimizes the weight norm on the zero-loss manifold. Claim: Grokking is a puzzling phenomenon in neural networks where full generalization occurs only after a substantial delay following the complete memorization of the training… Supporting result: This allows us to further simplify the cost function down to: R(W1) =λ∥W 1∥2 F +λTr   Y ⊤(HH ⊤)−1Y  (19) By differentiating this cost function, we can obtain a closed-form expression for the isolated learning dynamics of the first layer in the overparameterized zero-loss approximation: ˙W1 ≈X ⊤   AY Y ⊤AH  ⊙σ ′  XW1  −W 1 (20) whereH=σ(XW 1),A= (HH ⊤)−1,σis the activation function, and⊙denotes the Hadamard product.
audited	w_f05eeedb3d84fbb7	The Geometry of Multi-Task Grokking: Transverse Instability, Superposition, and Weight Decay Phase Structure	INCLUDE	explicit-claims-results	1642	324	0	0	Title: The Geometry of Multi-Task Grokking: Transverse Instability, Superposition, and Weight Decay Phase Structure. Claim: (2) Universal integrability: optimization trajectories remain confined to an empirically invariant low-dimensional execution manifold; commutator defects orthogonal to this manifold reliably precede generalization. Supporting result: Synthesis.Together, these results show that generalization-relevant information is simultaneously low-dimensional (k∗ principal trajectory directions suffice for reconstruction) and globally distributed (full-rank weights, with every module necessary). Claim: A transverse-instability transition separates the memorizing and generalizing regimes. Supporting result: The rapid internal transition is replicated across modular operations and seeds; deleting orthogonal gradient components prevents the matched generalization transition while norm-matched controls do not. Claim: The Geometry of Multi-Task Grokking: Transverse Instability, Superposition, and Weight Decay Phase Structure. Supporting result: Unlike prior work that focuses on either representational superposition [Elhage et al., 2022] or learning dynamics in isolation [Davies et al., 2023, Kumar et al., 2024], our study combines trajectory geometry, curvature analysis, and causal perturbations to provide a unified dynamical account of multi-task grokking. Claim: Weight decay controls qualitative internal regimes in multi-task grokking. Supporting result: Checkpointed attention spectra and trajectory geometry vary across weight-decay, task, and seed controls in step with the memorization/generalization regimes.
audited	w_125db4c2cf79214e	The Geometry of Thought: How Scale Restructures Reasoning In Large Language Models	EXCLUDE	explicit-claims-results	1842	358	0	0	Title: The Geometry of Thought: How Scale Restructures Reasoning In Large Language Models. Claim: Analyzing 25,000+ chain-of-thought trajectories across four domains (Law, Science, Code, Math) and two scales (8B, 70B parameters), we discover that neural scaling laws trigger… Supporting result: Unless stated otherwise, all reported “decoding accuracy” in this paper refers to the adapter/probe regime; frozen-unembedding decoding is treated as a diagnostic and is not used as the headline accuracy metric in our experimental setting. 1.4 Preview of findings: a phase diagram of thought Our experiments reveal that reasoning geometry is not uniform across domains, and that scale induces domain-specific phase transitions rather than universal improvement. Claim: The Geometry of Thought: How Scale Restructures Reasoning In Large Language Models. Supporting result: These findings establish that the cost of thought is determined not by task difficulty but by manifold geometry—offering a blueprint for inference acceleration where topology permits. 1 Introduction The scaling hypothesis has become the central organizing principle of modern deep learning: larger models, trained on more data, yield predictably better performance across an expanding frontier of tasks. Claim: The Geometry of Thought: How Scale Restructures Reasoning In Large Language Models. Supporting result: Unless stated otherwise, all reported “decoding accuracy” in this paper refers to the adapter/probe regime; frozen-unembedding decoding is treated as a diagnostic and is not used as the headline accuracy metric in our experimental setting. 1.4 Preview of findings: a phase diagram of thought Our experiments reveal that reasoning geometry is not uniform across domains, and that scale induces domain-specific phase transitions rather than universal improvement.
audited	w_6dca211542b22757	The Geometry of Truth: Emergent Linear Structure in Large Language Model Representations of True/False Datasets	EXCLUDE	explicit-claims-results	1915	383	0	0	Title: The Geometry of Truth: Emergent Linear Structure in Large Language Model Representations of True/False Datasets. Claim: Transfer experiments in which probes trained on one dataset generalize to different datasets. Supporting result: We will see that mass-mean probes are similarly accurate to probes trained with other techniques (including on out-of-distribution data) while being more causally implicated in model outputs. 5.1 Challenges with logistic regression, and mass-mean probing A common technique in interpretability research for identifying feature directions is training linear probes with logistic regression (LR; Alain & Bengio, 2018). Claim: The Geometry of Truth: Emergent Linear Structure in Large Language Model Representations of True/False Datasets. Supporting result: Published as a conference paper at COLM 2024 The Geometry of T ruth: Emergent Linear Structure in LLM Representations of T rue/False Datasets Samuel Marks Northeastern University s.marks@northeastern.edu Max T egmark MIT Abstract Large Language Models (LLMs) have impressive capabilities, but are prone to outputting falsehoods. Claim: Recent work has developed techniques for inferring whether a LLM is telling the truth by training probes on the LLM's internal activations. Supporting result: Our analysis, which draws on patching experiments, simple visualizations with principal component analysis (PCA), a study of probe generalization, and causal interventions, finds: • Evidence that linear representations of truth emerge with scale, with larger models having a more abstract notion of truth that applies across structurally and topically diverse inputs. • A small group of causally-implicated hidden states which encode these truth representations. • Consistent results across a suite of probing techniques, but with simple difference- in-mean probes identifying directions which are most causally implicated .
audited	w_d3fbcea1a7016c21	The Grokked Illusion: True Equilibrium Mitigates Catastrophic Forgetting	EXCLUDE	explicit-claims-results	526	103	0	0	Title: The Grokked Illusion: True Equilibrium Mitigates Catastrophic Forgetting. Claim: While neural networks are typically evaluated by their training and test performance, these metrics do not reveal how robust a learned representation is. Supporting result: These three noise types form a spectrum of structural simi- laritytotheoriginaltask,rangingfromcompletelyunrelated to progressively more aligned, which allows us to examine how the nature of new knowledge affects the retention of previously learned representations.
audited	w_fd9f2541bd4039ab	The Hydra Effect: Emergent Self-repair in Language Model Computations	EXCLUDE	explicit-claims-results	758	236	0	0	Title: The Hydra Effect: Emergent Self-repair in Language Model Computations. Claim: Surprisingly, these effects occur even in language models trained without any form of dropout. Supporting result: The Hydra Effect: Emergent Self-repair in Language Model Computations the final token position𝑡) and the exogenous variables are the prompt𝑢 = 𝑥≤𝑡 then we the total effect of an intervention to change activations𝐴𝑙 𝑡 from their ‘natural’𝑎𝑙 𝑡 = 𝑎𝑙 𝑡 (𝑥≤𝑡) to an intervened-upon value ˜𝑎𝑙 𝑡 = 𝑎𝑙 𝑡 (𝑥′ ≤𝑡) is 𝑇 𝐸(𝑎𝑙 𝑡 → ˜𝑎𝑙 𝑡, [ ˆ𝜋𝑡] 𝑖, 𝑥 ≤𝑡) = [ ˆ𝜋𝑡 (𝑥≤𝑡 |do( 𝐴𝑙 𝑡 = ˜𝑎𝑙 𝑡))] 𝑖 − [ ˆ𝜋𝑡 (𝑥≤𝑡 |do( 𝐴𝑙 𝑡 = 𝑎𝑙 𝑡))] 𝑖 (15) = [ ˆ𝜋𝑡 (𝑥≤𝑡 |do( 𝐴𝑙 𝑡 = ˜𝑎𝑙 𝑡)) − ˆ𝜋𝑡 (𝑥≤𝑡 |do( 𝐴𝑙 𝑡 = 𝑎𝑙 𝑡))] 𝑖 (16) = [ ˆ𝜋𝑡 (𝑥≤𝑡 |do( 𝐴𝑙 𝑡 = ˜𝑎𝑙 𝑡)) − ˆ𝜋𝑡 (𝑥≤𝑡)] 𝑖 (17) = Δablate,𝑙 (𝑥≤𝑡).
audited	w_aef0b7ca715aca7b	The Kinetics of Reasoning: How Chain-of-Thought Shapes Learning in Transformers?	EXCLUDE	explicit-claims-results	976	198	0	0	Title: The Kinetics of Reasoning: How Chain-of-Thought Shapes Learning in Transformers?. Claim: We investigate these learning dynamics through the lens of grokking by pretraining transformers on symbolic reasoning tasks with tunable algorithmic complexity and controllable data… Supporting result: We investigate these learning dynamics through the lens ofgrokkingby pretraining transformers on symbolic reasoning tasks with tunable algorithmic complexity and controllable data composition to study their generalization. Claim: Models were trained under two settings: (i) producing only final answers, and (ii) emitting explicit CoT traces before answering. Supporting result: Ioannidis Amazon Web Services ivasilei@amazon.com Huzefa Rangwala Amazon Web Services rhuzefa@amazon.com ABSTRACT Chain-of-thought (CoT) supervision can substantially improve transformer per- formance, yet the mechanisms by which models learn to follow and benefit from CoT remain poorly understood.
audited	w_e0964d9cc077c1f7	The Kinetics of Training: A Driven-Nucleation Rate Law for Emergence, Plasticity Loss, and Circuit Control in Language Models	INCLUDE	explicit-claims-results	650	129	0	0	Title: The Kinetics of Training: A Driven-Nucleation Rate Law for Emergence, Plasticity Loss, and Circuit Control in Language Models. Claim: A capability ignites when a no-partial-credit circuit alignment barrier is crossed. Supporting result: Preregistered predictions, held-out models, 32 ablation cells, scheduled ignition, and query-key reinitialization establish an abrupt circuit/capability boundary. Claim: Capability arrival depends on missing circuit parts across training and scale. Supporting result: Pythia checkpoints across seven capabilities and three scales connect circuit-part alignment, precursor strength, and behavioral ignition.
audited	w_bb266301f50d20fd	The Long Delay to Arithmetic Generalization: When Learned Representations Outrun Behavior	EXCLUDE	explicit-claims-results	2011	530	1	0	Title: The Long Delay to Arithmetic Generalization: When Learned Representations Outrun Behavior. Claim: Causal interventions support the decoder bottleneck hypothesis. Supporting result: The two task endpoints together mirror the small-model trajectory of Appendix L: the readout is causally bottlenecked on the probe-aligned subspace during the gap-closing window, and migrates toward distributed encoding by convergence. n mod 16 L4 (r=15) last\_digit\_b8 L4 (r=7) T(n) mod 8 L4 (r=7) T(n) mod 8 L12 (r=7) last\_digit\_b8 L20 (r=7) 0.0 0.2 0.4 0.6 0.8 accuracy after erasure Causal erasure inside Pythia-1.4B, step 200 (baseline 0.845) probe-direction erasure random direction, same rank Figure 15: Causal probe-direction erasure inside Pythia-1.4B at step 200 of the Collatz fine-tune. Claim: Grokking in transformers trained on algorithmic tasks is characterized by a long delay between training-set fit and abrupt generalization, but the source of that… Supporting result: The Long Delay to Arithmetic Generalization Laura Gomezjurado Stanford University lpgomez@stanford.edu Abstract Grokking in transformers trained on algorithmic tasks shows a long delay between fitting the training set and abrupt generalization, and the cause of that delay is not fully understood. Claim: Grokking in transformers trained on algorithmic tasks is characterized by a long delay between training-set fit and abrupt generalization, but the source of that… Supporting result: Variations.We vary this core object along four axes, with headline comparisons in the main text and full configurations in the appendix: representation (15 numeral bases; Ap- pendix C.4), task (the generalized maps Tk with k∈ { 5, 7,−1}, the iterate T2, a format- matched transfer between Collatz and GCD, and 4-digit addition; Appendices K, H, F, J), architecture (a 3×3 encoder–decoder sweep and a 12-layer decoder-only transformer; Ap- pendix I), and scale (a from-scratch NanoGPT-30M and pretrained Pythia-160M and Pythia- 1.4B; Appendix J).
audited	w_4ae2e575bb61224a	The mechanistic basis of data dependence and abrupt learning in an in-context classification task	INCLUDE	explicit-claims-results	1412	288	0	0	Title: The mechanistic basis of data dependence and abrupt learning in an in-context classification task. Claim: We first show that these results are recapitulated in a minimal attention-only network trained on a simplified dataset. Supporting result: We propose that the sharp transitions in attention-based networks arise due to a specific chain of multi-layer operations necessary to achieve ICL, which is implemented by nested nonlinearities sequentially learned during training. 1 Introduction A striking feature of large language models is in-context learning (Brown et al., 2020; Dong et al., 2022; Garg et al., 2022; Dai et al., 2022). Claim: ICL is driven by the abrupt emergence of an induction head. Supporting result: Six-seed curves show reproducible circuit and accuracy jumps; parameter ablations and a predictive phenomenological model rule out alternative operation sequences. Claim: The mechanistic basis of data dependence and abrupt learning in an in-context classification task. Supporting result: THE MECHANISTIC BASIS OF DATA DEPENDENCE AND ABRUPT LEARNING IN AN IN -CONTEXT CLASSIFICATION TASK Gautam Reddy Physics & Informatics Labs, NTT Research Inc. Claim: An induction head forms during training and drives ICL. Supporting result: Checkpoint progress measures in the full and minimal networks track circuit construction and behavior across six seeds and controlled data distributions.
audited	w_9eb59bc5a9947867	The Mechanistic Emergence of Symbol Grounding in Language Models	EXCLUDE	explicit-claims-results	419	81	0	0	Title: The Mechanistic Emergence of Symbol Grounding in Language Models. Claim: Recent work has shown preliminary evidence that grounding may emerge in (vision-)language models trained at scale without using explicit grounding objectives. Supporting result: Recent work has shown preliminary ev- idence that grounding may emerge in (vision- )language models trained at scale without using explicit grounding objectives.
audited	w_b0bbf9007eb97544	The semantic landscape paradigm for neural networks	EXCLUDE	explicit-claims-results	659	117	0	0	Title: The semantic landscape paradigm for neural networks. Claim: Deep neural networks exhibit a fascinating spectrum of phenomena ranging from predictable scaling laws to the unpredictable emergence of new capabilities as a function… Supporting result: THE SEMANTIC LANDSCAPE PARADIGM FOR NEURAL NETWORKS Shreyas Gokhale Department of Physics Massachusetts Institute of Technology Cambridge, MA 02139 gokhales@mit.edu July 20, 2023 ABSTRACT Deep neural networks exhibit a fascinating spectrum of phenomena ranging from predictable scaling laws to the unpredictable emergence of new capabilities as a function of training time, dataset size and network size.
audited	w_008eb0f516b85fd6	The Transient Nature of Emergent In-Context Learning in Transformers	EXCLUDE	explicit-claims-results	1009	205	0	0	Title: The Transient Nature of Emergent In-Context Learning in Transformers. Claim: The transient nature of ICL is observed in transformers across a range of model sizes and datasets, raising the question of how much to… Supporting result: By selectively penalizing this behavior, we enable ICL to persist, thus providing convergent evidence that – when no weight decay is applied – ICL fades due to competition with IWL circuits. 7 Related Work This work builds on several papers that seek to understand in-context learning by analyzing small networks and/or controlled data sources. Claim: Transformer neural networks can exhibit a surprising capacity for in-context learning (ICL) despite not being explicitly trained for it. Supporting result: At the same time, a complementary body of work studies emergence in massive models trained directly on organic web-scale data, with the takeaway that impressive capabilities such as ICL are more likely to emerge in large models trained on more data [14, 17–19].
audited	w_cb13b05644b72dd1	Thermodynamic Weight Decay: Exploring Grokking Acceleration via Attention Specific Heat	EXCLUDE	explicit-claims-results	987	226	0	0	Title: Thermodynamic Weight Decay: Exploring Grokking Acceleration via Attention Specific Heat. Claim: We introduce CvAdamW, a drop-in AdamW variant that monitors Cv online and injects thermal energy by dynamically scaling weight decay when a phase transition… Supporting result: We introduceCvAdamW, a drop-in AdamW variant that monitors Cv online and injects “thermal energy” by dynamically scaling weight decay when a phase transition is detected. Claim: Grokking -- the delayed generalization of neural networks long after they have memorized their training data -- wastes thousands of training epochs and is… Supporting result: Kim [2026] prove that the attention mechanism is formally isomorphic to a canonical thermodynamic ensemble: the softmax is the Boltzmann distribution that minimizes Helmholtz free energy, the scaling factor 1/√dk is an inverse temperature, the attention logits QK ⊤ are energy levels, and—critically—thevariance of those logits behaves as aspecific heat.
audited	w_97808c92883566a2	Thinking Sparks!: Emergent Attention Heads in Reasoning Models During Post Training	INCLUDE	explicit-claims-results	637	116	0	0	Title: Thinking Sparks!: Emergent Attention Heads in Reasoning Models During Post Training. Claim: Post-training creates functionally specialized attention-head circuits for reasoning. Supporting result: The head roles are learned rather than assigned, are characterized by task-specific activation and information flow, and causal head ablation/scaling changes benchmark reasoning behavior. Claim: Specialized reasoning heads appear and are pruned across post-training stages. Supporting result: Post-training checkpoints, reward regimes, and model-family controls connect head recruitment and survival to reasoning accuracy and reward.
audited	w_8da6fd53fb3f9060	To grok or not to grok: Disentangling generalization and memorization on corrupted algorithmic datasets	EXCLUDE	explicit-claims-results	1704	372	0	0	Title: To grok or not to grok: Disentangling generalization and memorization on corrupted algorithmic datasets. Claim: Finally, we show that in the presence of regularization, the training dynamics involves two consecutive stages: first, the network undergoes \emph{grokking} dynamics reaching high… Supporting result: We show that (i) it is possible for the network to memorize the corrupted labels and achieve 100% generalization at the same time; (ii) the memorizing neurons can be identified and pruned, lowering the accuracy on corrupted data and improving the accuracy on uncorrupted data; (iii) regularization methods such as weight decay, dropout and BatchNorm force the network to ignore the corrupted data during optimization, and achieve 100% ac- curacy on the uncorrupted dataset; and (iv) the effect of these regularization meth- ods is (“mechanistically”) interpretable: weight decay and dropout force all the neurons to learn generalizing representations, while BatchNorm de-amplifies the output of memorizing neurons and amplifies the output of the generalizing ones. Claim: Robust generalization is a major challenge in deep learning, particularly when the number of trainable parameters is very large. Supporting result: We emphasize that, although each generalizing neuron learns the useful periodic features, the overall computation in the network is emergent: it is performed collectively by all generalizing neurons. 2.2 G ENERAL ARCHITECTURES In this subsection, we aim to check if (i) we can quantify memorization/generalization capabilities of general architectures using IPR distribution of the neurons; (ii) our understanding of regularization can be generalized to such cases.
audited	w_6cff01a295cd62bc	Topological Signatures of Grokking	EXCLUDE	explicit-claims-results	1014	181	0	0	Title: Topological Signatures of Grokking. Claim: Using persistent homology on point clouds derived from the embedding matrices of a range of models trained on modular arithmetic with varying primes, we… Supporting result: Our results suggest that persistent homology offers a principled and interpretable framework for analyzing how neural networks internalize latent structure during training. 1 Introduction Deep neural networks can exhibit a striking training dynamic known asgrokking, where models initially memorize training data before abruptly transitioning to near-perfect generalization after pro- longed optimization [16]. Claim: Using persistent homology on point clouds derived from the embedding matrices of a range of models trained on modular arithmetic with varying primes, we… Supporting result: Persistence diagrams reveal the emergence of a dominant long-lived topological feature together with increasingly structured secondary features, reflecting the underlying cyclic structure of the task.
audited	w_5fc248e95ef96553	Towards Empirical Interpretation of Internal Circuits and Properties in Grokked Transformers on Modular Polynomials	INCLUDE	explicit-claims-results	1333	260	0	0	Title: Towards Empirical Interpretation of Internal Circuits and Properties in Grokked Transformers on Modular Polynomials. Claim: Grokked embeddings use sparse, operation-specific Fourier components. Supporting result: Restricted/ablated Fourier losses and pre-grokked transfer tests show when the reduced significant-frequency representation preserves or disrupts task performance. Claim: For a closer look, we first hypothesize that any modular operations can be characterized with distinctive Fourier representation or internal circuits, grokked models obtain… Supporting result: Moreover, we find that grokking in elementary arithmetic occurs even with frozen random embedding (see Appendix F; sampled from the same random seed) that does not have biased components nor sparsity, which also supports that some unique, non-transferable patterns are learned in grokked models. 6 Analysis in Polynomials It has been known that grokking would be less likely to occur as increasing the complexity of operators in general (Power et al., 2022), but the underlying reasons or conditions are still unclear. Claim: Fourier progress measures decrease with test-accuracy improvement. Supporting result: Three-seed training trajectories across arithmetic and polynomial tasks link internal Fourier reorganization to grokking and co-grokking.
audited	w_df6db03591377b6c	Towards Understanding Grokking: An Effective Theory of Representation Learning	EXCLUDE	explicit-claims-results	347	77	0	0	Title: Towards Understanding Grokking: An Effective Theory of Representation Learning. Claim: We aim to understand grokking, a phenomenon where models generalize long after overfitting their training set. Supporting result: Ifn0 = 2, the representation is unique up to translations and scaling factors, and the embeddings have the form Ek = a +kb.
audited	w_9452d90c60267b86	TRACE for Tracking the Emergence of Semantic Representations in Transformers	EXCLUDE	explicit-claims-results	1668	306	0	0	Title: TRACE for Tracking the Emergence of Semantic Representations in Transformers. Claim: Modern transformer models exhibit phase transitions during training, distinct shifts from memorisation to abstraction, but the mechanisms underlying these transitions remain poorly understood. Supporting result: Carvalho 3, André Freitas 1,2,3 1 Department of Computer Science, University of Manchester, United Kingdom 2 Idiap Research Institute, Switzerland 3 National Biomarker Centre, CRUK-MI, University of Manchester, United Kingdom {firstname.lastname}@[postgrad.]†manchester.ac.uk Abstract Modern transformer models exhibit phase transitions during training, distinct shifts from memorisation to abstraction, but the mechanisms underlying these transitions remain poorly understood. Claim: Prior work has often focused on endpoint representations or isolated signals like curvature or mutual information, typically in symbolic or arithmetic domains, overlooking the… Supporting result: TRACE leverages a frame-semantic data generation method, ABSynth, that produces an- notated synthetic corpora with controllable complexity, lexical distributions, and structural entropy, while being fully annotated with linguistic categories, enabling precise analysis of abstraction emergence. Claim: Modern transformer models exhibit phase transitions during training, distinct shifts from memorisation to abstraction, but the mechanisms underlying these transitions remain poorly understood. Supporting result: Representational transitions during training have been documented in small-scale settings like grokking [36, 41], where models shift from memorisation to generalisation.
audited	w_78af69834e46633e	Trait-space Monitoring for Emergent Misalignment During Supervised Finetuning	EXCLUDE	explicit-claims-results	1406	304	0	0	Title: Trait-space Monitoring for Emergent Misalignment During Supervised Finetuning. Claim: EM-relevant drift concentrates on a low-dimensional axis that explains 65.5% of the variance, revealing a geometric signature in the studied regime. Supporting result: Subsequent work extended EM to smaller models and identified convergent linear representations of the misaligned end-state for post-hoc ablation [20, 21, 22]. Claim: Standard training signals can miss this shift, making reliable detection costly if it depends on repeated behavioral evaluation. Supporting result: All 7 per-checkpoint false positives fire on runs that subsequently cross 5% EM, thus FPR on benign-to-end runs is effectively 0%. 4.4 Feature Set Ablation: Alignment vs Semantic and Random Controls Ablation design.Since the 7D trait feature set could outperform scalar PC1 becauseany7- dimensional projection captures more variance than a 1D one, we test whether alignment-relevant traits are necessary for EM-detection by comparing three sets evaluated with all three regressors: •Alignment(ours): 7 trait directions via contrastive activation differences (§3.1). • Semantic: 7 non-alignment concept directions (verbosity, formality, technicality, humor, concrete- ness, warmth, creativity), using a similar extracted protocol in §3. • Random: 7 random orthonormal vectors in activation space, averaged over 10 independent draws.
audited	w_e13ee6a2cef1e035	Transformers Can Learn Rules They've Never Seen: Proof of Computation Beyond Interpolation	EXCLUDE	explicit-claims-results	869	174	0	0	Title: Transformers Can Learn Rules They've Never Seen: Proof of Computation Beyond Interpolation. Claim: Ablations show the recovery depends on gradient signal propagating through multi-step prediction, and a second, structurally unrelated benchmark on symbolic operator chains exhibits the… Supporting result: Our claim is therefore scoped to similarity in the data as actually given, including embeddings learned end-to-end, which at a fixed position preserve the input’s neighbourhood geometry (Proposition 6, Corollary 7) and so cannot supply the answer by similarity. Claim: A central question in the debate over large language models is whether transformers can learn rules they have never seen, or whether they can… Supporting result: A two-layer trans- former can nevertheless recover the missing entry, and circuit extraction confirms it computes XOR exactly.
audited	w_b7f8f8cdd2e2b20c	Transformers converge to invariant algorithmic cores	EXCLUDE	explicit-claims-results	757	152	0	0	Title: Transformers converge to invariant algorithmic cores. Claim: This work shifts focus from what transformers happen to do to what they must do by extracting algorithmic cores, compact subspaces that are necessary… Supporting result: This work shifts focus from what transformers happen to do to what they must do by extractingalgorith- mic cores, compact subspaces that are necessary and sufficient for a task and that recur across in- dependently trained models. Claim: Training selects for behavior, not circuitry: many weight configurations can implement the same function. Supporting result: This functional redun- dancy is found to accelerate the transition from memorization to generalization, yielding an in- verse scaling law for grokking time.
audited	w_29ea95f17f21c7ac	Transformers for dynamical systems learn transfer operators in-context	INCLUDE	explicit-claims-results	1467	295	0	0	Title: Transformers for dynamical systems learn transfer operators in-context. Claim: Here, we study in-context learning of dynamical systems in a minimal setting: we train a small two-layer, single-head transformer to forecast one dynamical system,… Supporting result: Each point is an average over 100 repli- cate models trained on a different low-dimensional dynamical system. dM linearly correlates with increasing latent dimension- alityd latent. Claim: The same learned dynamical-system mechanism transfers zero-shot between distinct systems. Supporting result: Models trained on one system are evaluated on qualitatively different systems across hundreds of train/test pairs; delay-embedding, Markov, and parroting controls plus operator analyses document reuse of the same mechanism. Claim: A transformer learns delay-coordinate state reconstruction and a transfer-operator computation. Supporting result: Neither latent state coordinates nor the operator are supplied; the learned attention computation is formally matched to delay embedding and transfer operators and predicts future dynamics in context. Claim: Large-scale foundation models for scientific machine learning adapt to physical settings unseen during training, such as zero-shot transfer between turbulent scales. Supporting result: Animating such efforts is the observation that, at suffi- cient scale, these models exhibit the emergent capabil- ity to solve unseen tasks during testing [32].
audited	w_71b6d6ab5f4c7549	Transformers Linearly Represent Highly Structured World Models	EXCLUDE	explicit-claims-results	1171	226	0	0	Title: Transformers Linearly Represent Highly Structured World Models. Claim: These findings show that the geometry of an emergent world model is shaped by the constraint algebra of the domain, not its surface presentation,… Supporting result: These findings show that the geometry of an emergent world model is shaped by the constraint algebra of the domain, not its surface presentation, and that the resulting decision circuit is sparse, monosemantic, and fully interpretable. Claim: Transformers Linearly Represent Highly Structured World Models. Supporting result: First, the model builds asubstructure world model: it does not represent the board state cell by cell, as a human analyst would expect, but organizes information around the rows, columns, and boxes that Sudoku’s constraints act on. Claim: Do transformers, when trained on sequential reasoning traces, build internal models of the underlying task? Supporting result: These findings show that the geometry of an emergent world model is shaped by the constraint algebra of the domain, not its surface presentation, and that the resulting decision circuit is sparse, monosemantic, and fully interpretable.
audited	w_943e3e1497c6a620	Transformers Struggle to Use Their Emergent World Models: Revisiting the Tower of Hanoi, and the Illusion of Thinking	EXCLUDE	explicit-claims-results	1196	295	0	0	Title: Transformers Struggle to Use Their Emergent World Models: Revisiting the Tower of Hanoi, and the Illusion of Thinking. Claim: Transformers Struggle to Use Their Emergent World Models: Revisiting the Tower of Hanoi, and the Illusion of Thinking. Supporting result: In Section 5 we return to LRMs and show evidence that they build up the same emergent world models for this task, but lose them when generating the actual plan. 2 The Tower of Hanoi Puzzle TheTowerofHanoiisasimpleplanningpuzzle,inventedby French mathematician François Édouard Anatole Lucas in 1883, and introduced into AI and cognitive science by Her- bert Simon (Simon 1975). Claim: This paper presents an in-depth study of how both small, in-house Transformers and large, third-party LRMs solve this task. Supporting result: No- tably Qwen3.6-27B generates longer traces than DeepSeek- R1-Distill-Qwen-32B on average (≈19,000vs≈14,000 tokens), a fact we return to for the steering asymmetry. 3 Related Work Emergent world modelsTransformer sequence models can develop internal representations of the latent state they predict over, even when trained only on next-token predic- tion (Li et al. 2022; Toshniwal et al. 2022).
audited	w_abf120cd18b386a4	Transformers Use Causal World Models in Maze-Solving Tasks	EXCLUDE	explicit-claims-results	1774	382	0	0	Title: Transformers Use Causal World Models in Maze-Solving Tasks. Claim: By using Sparse Autoencoders (SAEs) and analyzing attention patterns, we examine the construction of WMs and demonstrate consistency between SAE feature-based and circuit-based analyses. Supporting result: The pattern here is much less striking than that for Stan (shown in Figure 4) although it does suggest that the heads specialise in even/odd-parity cells in localised regions of the maze. 3.2 W ORLD MODEL REPRESENTATION : S PARSE AUTOENCODERS As previous work (Ivanitskiy et al., 2024) struggled to intervene on WM features identified via lin- ear probing (Alain & Bengio, 2016), we trained Sparse Autoencoders to attempt to find disentangled features in our models (Cunningham et al., 2023; Bricken et al., 2023). Claim: Transformers Use Causal World Models in Maze-Solving Tasks. Supporting result: Contributions • Empirical Findings: We show that transformers trained to solve mazes acquire causally relevant WMs - intervening upon these in the latent space of SAEs predictably affects model behaviour. Claim: Recent studies in interpretability have explored the inner workings of transformer models trained on tasks across various domains, often discovering that these networks naturally… Supporting result: Spies1∗, William Edwards, Michael Ivanitskiy 2, Adrians Skapars 3, Tilman R ¨auker, Katsumi Inoue4, Alessandra Russo 1, Murray Shanahan 1 1Imperial College London 2Colorado School of Mines 3University of Manchester 4National Institute of Informatics ABSTRACT Recent studies in interpretability have explored the inner workings of transformer models trained on tasks across various domains, often discovering that these net- works naturally develop highly structured representations.
audited	w_c4c37ad693a0f63e	Triple Phase Transitions: Understanding the Learning Dynamics of Large Language Models from a Neuroscience Perspective	EXCLUDE	explicit-claims-results	1222	229	0	0	Title: Triple Phase Transitions: Understanding the Learning Dynamics of Large Language Models from a Neuroscience Perspective. Claim: Triple Phase Transitions: Understanding the Learning Dynamics of Large Language Models from a Neuroscience Perspective. Supporting result: These findings illuminate the underlying mechanisms of phase transitions in LLMs, while opening new avenues for interdisciplinary research bridging AI and neuroscience. 1 Introduction Large language models (LLMs) often exhibit abrupt emergent behaviors, whereby new abilities arise from scaling the model size, the amount of training data, or the number of training steps (Wei et al., 2022a). Claim: Large language models (LLMs) often exhibit abrupt emergent behavior, whereby new abilities arise at certain points during their training. Supporting result: These findings illuminate the underlying mechanisms of phase transitions in LLMs, while opening new avenues for interdisciplinary research bridging AI and neuroscience. 1 Introduction Large language models (LLMs) often exhibit abrupt emergent behaviors, whereby new abilities arise from scaling the model size, the amount of training data, or the number of training steps (Wei et al., 2022a).
audited	w_96f6c1c0e6b85513	Two Speeds of Learning: A Representation-Readout Decomposition of Grokking and Double Descent	EXCLUDE	explicit-claims-results	1603	344	0	0	Title: Two Speeds of Learning: A Representation-Readout Decomposition of Grokking and Double Descent. Claim: Two well-documented phenomena complicate this picture: in grokking, train loss falls rapidly while test performance improves abruptly only after a long delay; in epoch-wise… Supporting result: The diagnostic measures we use—critical dimension, task-relevant geometric measures (Chou et al., 2025a,b; Chung et al., 1Speed here refers to relative rate of progress over training, inferred from the diagnostic measures in Section 2.2. 2Here, top-down refers to characterizing the global structure of representations, e.g., through manifold geometry, separability, and alignment, as opposed to bottom-up approaches such as reverse-engineering circuits or features. 2 Claim: Using tools from representational geometry, neural tangent kernels, and linear probing, we show that both processes are active throughout training, with the fluctuations of… Supporting result: In parallel, another recent line of work (Chou et al., 2025b; Kirsanov et al., 2025; Zheng et al., 2024) uses representation geometry to reveal prop- erties of learning dynamics invisible to kernel-based measures. Claim: Training loss and accuracy are the standard signals used to monitor generalization during deep neural network training. Supporting result: (2023) propose that grokking arises from a transition between these two regimes, identifying two key determinants: a laziness parameter that controls the rate of feature learning by scaling the network output, and the alignment between the initial NTK and the task labels.
audited	w_892700b85dd7550d	Uncovering Emergent Physics Representations Learned In-Context by Large Language Models	EXCLUDE	explicit-claims-results	873	180	0	0	Title: Uncovering Emergent Physics Representations Learned In-Context by Large Language Models. Claim: To uncover how such capability emerges in LLMs, we analyze the model's residual stream activations using sparse autoencoders (SAEs). Supporting result: a b Large language model ••• ••• c d Latent representations ㉉LR㉊Sparse activations ㉉SA㉊Dictionary features ㉉DF㉊ Sparse autoencoderResidual stream MHAN㎃ Residual stream MLP 🔍 🔍 Correlation btw.SA vs/ energySA intervention Figure 1: An overview of our procedure. Claim: Unlike synthetic sequences such as basic arithmetic or symbolic equations, physical systems provide experimentally controllable, real-world data based on structured dynamics grounded in fundamental… Supporting result: To uncover how such capability emerges in LLMs, we analyze the model’s residual stream activations using sparse autoencoders (SAEs).
audited	w_3d849b1308457c8a	Uncovering Intermediate Variables in Transformers using Circuit Probing	EXCLUDE	explicit-claims-results	527	101	0	0	Title: Uncovering Intermediate Variables in Transformers using Circuit Probing. Claim: We propose a new analysis technique - circuit probing - that automatically uncovers low-level circuits that compute hypothesized intermediate variables. Supporting result: We apply this method to models trained on simple arithmetic tasks, demon- strating its effectiveness at (1) deciphering the algorithms that models have learned, (2) revealing modular structure within a model, and (3) tracking the development of circuits over training.
audited	w_b73fd2a4553849d2	Understanding Contextual Recall in Transformers: How Finetuning Enables In-Context Reasoning over Pretraining Knowledge	EXCLUDE	explicit-claims-results	1109	228	0	0	Title: Understanding Contextual Recall in Transformers: How Finetuning Enables In-Context Reasoning over Pretraining Knowledge. Claim: This transition is accompanied by the formation of low-dimensional latent encodings of the shared attribute type. Supporting result: In Section 3.4, we analyze model representations and find that finetuning induces the formation of low-dimensional encodings of the shared attribute type (task vectors) based on the in-context examples. Claim: Transformer-based language models excel at in-context learning (ICL), where they can adapt to new tasks based on contextual examples, without parameter updates. Supporting result: Mechanism of Transfer .Why does finetuning on a sub- set of subjects enable generalization to the rest? Claim: Transformer-based language models excel at in-context learning (ICL), where they can adapt to new tasks based on contextual examples, without parameter updates. Supporting result: We investigate whether contextual recall emerges from pretraining alone, what finetuning is required, and what mechanisms drive the nec- essary representations.
audited	w_a895d12c14921630	Understanding the Emergence of Seemingly Useless Features in Next-Token Predictors	EXCLUDE	explicit-claims-results	1392	288	0	0	Title: Understanding the Emergence of Seemingly Useless Features in Next-Token Predictors. Claim: After validating our approach on toy tasks, we use it to interpret the origins of the world model in OthelloGPT and syntactic features in… Supporting result: Our key contributions include:(i) A theoretically grounded explanation for why Transformers trained for NTP learn complex features that are not immediately helpful; (ii) An approach for tracing the gradient components of the NTP objective that led to the development of a given feature in a model; (iii) Novel findings obtained using the proposed framework, including an explanation of the OthelloGPT world model fragility, inspection of the role of pre-caching in text generation, and interpretation of the pre-cached features in an LLM. 2 SETUP We useXto denote a variable-length input space of discrete token sequencesx 1 . . . xn. Claim: Trained Transformers have been shown to compute abstract features that appear redundant for predicting the immediate next token. Supporting result: Figure 5 shows a transition during training, when pre-caching starts affecting the feature, hinting to a development of a circuit involving it. 5 INVESTIGATINGFEATURES INLARGELANGUAGEMODELS Retraining an LLM from scratch is computationally very expensive, which is why the field of LLM interpretability operates mostly on final model checkpoints.
audited	w_4450b32daf450669	Understanding the Staged Dynamics of Transformers in Learning Latent Structure	EXCLUDE	explicit-claims-results	672	129	0	0	Title: Understanding the Staged Dynamics of Transformers in Learning Latent Structure. Claim: Language modeling has shown us that transformers can discover latent structure from context, but the dynamics of how they acquire different components of that… Supporting result: Understanding the Staged Dynamics of Transformers in Learning Latent Structure Rohan Saha 1 Farzane Aminmansour 1 Alona Fyshe 1 2 Abstract Language modeling has shown us that transform- ers can discover latent structure from context, but the dynamics of how they acquire different com- ponents of that structure remain poorly under- stood, leading to assertions that models just remix training data.
audited	w_67e8416e326083ff	Understanding Training Behaviour during Transfer Learning by drawing parallels to Grokking	EXCLUDE	explicit-claims-results	296	50	0	0	Title: Understanding Training Behaviour during Transfer Learning by drawing parallels to Grokking. Claim: Understanding Training Behaviour during Transfer Learning by drawing parallels to Grokking. Claim: Understanding Training Behaviour during Transfer Learning by drawing parallels to Grokking.
audited	w_51bb6c4d6e676885	Unifying Attention Heads and Task Vectors via Hidden State Geometry in In-Context Learning	EXCLUDE	explicit-claims-results	1322	261	0	0	Title: Unifying Attention Heads and Task Vectors via Hidden State Geometry in In-Context Learning. Claim: Post-transition hidden states compress task-relevant information into a low-dimensional subspace while filtering irrelevant semantics. Supporting result: Natural effective dimension declines as hidden states align with label-relevant directions; consecutive-layer SVD analysis shows retention/filtering, and rank-10 denoising improves early post-transition accuracy by more than 10%. Final-layer rank-5 denoising improves six of seven tested models, while head ablations and task-vector injections link the compressed geometry to behavior. Claim: ICL exhibits a phase transition from separability to alignment that constitutes an emergent organizational transition. Supporting result: Across layers of a fixed pretrained model, separability rises before label-direction alignment and effective dimension first rises and then falls; the two-stage layer-wise pattern is robust to several prompt manipulations. Claim: The two-stage hidden-state geometry is a newly learned internal basis used by the model for ICL. Supporting result: The paper characterizes hidden-state structure through separability, SVD, probes, and alignment to label-token unembedding directions, and demonstrates useful task-vector interventions.
audited	w_e117d573dbd1bc5f	Unlocking Emergent Modularity in Large Language Models	EXCLUDE	explicit-claims-results	482	120	0	0	Title: Unlocking Emergent Modularity in Large Language Models. Claim: Recent works reveal that there exists $\textit{implicit}$ modularity in standard pre-trained transformers, namely $\textit{Emergent Modularity}$. Supporting result: Apart from explicit MNNs, some research finds that modular structures spontaneously emerge dur- ing training, not only in small-scale CNNs or LSTMs (Csordás et al., 2021; Agarwala et al., 2021), but also large-scale pre-trained transformer models.
audited	w_024427dec8189e9e	Unveiling the Dynamics of Information Interplay in Supervised Learning	EXCLUDE	explicit-claims-results	739	178	0	0	Title: Unveiling the Dynamics of Information Interplay in Supervised Learning. Claim: Our experiments show that MIR and HDR can effectively explain many phenomena occurring in neural networks, for example, the standard supervised training dynamics, linear… Supporting result: Leveraging ample annotated data from large- scale datasets like ImageNet (Krizhevsky et al., 2012) and COCO (Lin et al., 2014), supervised learning has achieved outstanding performance in tasks such as image recogni- tion (He et al., 2016; Girshick, 2015; Ronneberger et al., 2015), speech recognition (Hinton et al., 2012; Chan et al., 2016), and natural language processing (Vaswani et al., 2017), thereby advancing the development of artificial in- telligence.
audited	w_7478c4587d99ea18	Unveiling Transformers with LEGO: a synthetic reasoning task	INCLUDE	explicit-claims-results	1155	209	0	0	Title: Unveiling Transformers with LEGO: a synthetic reasoning task. Claim: An attention mechanism learned during unrelated language pretraining is reused for the LEGO reasoning family. Supporting result: The same association pattern is documented before and after transfer from natural-language pretraining, randomized-token and shortcut-resistant task variants rule out lexical memorization, and three-run BERT/ALBERT tests replicate longer-chain generalization. Claim: Transformers learn an identical-token association structure used to propagate equality constraints. Supporting result: The attention pattern is learned rather than supplied, is explicitly characterized at head and layer level, and architectural imitation plus removal/replacement controls establish its functional role in multi-step reasoning. Claim: Pretraining, depth, and sequence length control the formation and routing of reasoning-relevant attention structure. Supporting result: Random initialization, pretrained BERT/ALBERT, depth, and data controls connect association/manipulation heads and information-flow order to length-generalization behavior across independent runs.
audited	w_2da86842e38bab70	Using physics-inspired Singular Learning Theory to understand grokking & other phase transitions in modern neural networks	EXCLUDE	explicit-claims-results	1812	359	0	0	Title: Using physics-inspired Singular Learning Theory to understand grokking & other phase transitions in modern neural networks. Claim: Using physics-inspired Singular Learning Theory to understand grokking & other phase transitions in modern neural networks. Supporting result: Research Questions We are interested in the following broad question:how can we understand 4 grokking and other phase transitions in neural networks through singular learning theory?Two main research questions we tackle in this vein are: •How far can we extend SLT’s physics-based “free-energy” quantityF n to understandwhen a model will undergo a phase transition or grok? •Can we better understand SLT’s local learning coefficientλ α (Lau et al., 2023) and its sensitivity to various problems and their difficulty? 2 Methods We aim to use lightweight models known to grok in our study of SLT, as we can train them many times to gain good statistics. Claim: Singular learning theory (SLT), a physics-inspired framework grounded in algebraic geometry, has gained popularity for its ability to close this theory-practice gap. Supporting result: Using physics-inspired Singular Learning Theory to understand grokking & other phase transitions in modern neural networks Anish Lakkapragada Department of Statistics Yale University anish.lakkapragada@yale.edu Abstract Classical statistical inference and learning theory often fail to explain the success of modern neural networks. Claim: Second, we understand the local learning coefficient $λ_α$ by measuring how it scales with problem difficulty across several controlled network families (polynomial regressors, low-rank… Supporting result: Introduction to Singular Learning Theory (SLT) SLT is an extremely mathematically rigorous framework developed from algebraic geometry by Dr.
audited	w_b5ca64f35ddf125e	Weight Decay as a Necessary Condition for Grokking: Hierarchical Structure Learning in Group Multiplication Tasks	EXCLUDE	explicit-claims-results	671	146	0	0	"Title: Weight Decay as a Necessary Condition for Grokking: Hierarchical Structure Learning in Group Multiplication Tasks. Claim: **Hierarchical structure emerges under compression**: When weight decay is active, networks learn the coarse-grained quotient structure ($\mathbb{Z}_2$ parity, 90% accuracy at step 500) hundreds… Claim: **Synchronized phase transition at step ~22,000**: All seeds exhibit a brief generalization collapse around step 22,000, driven by weight decay's cumulative compression reaching a… Claim: We investigate the role of weight decay in the ""grokking"" phenomenon, where neural networks achieve perfect training accuracy long before generalizing."
audited	w_f5f5600670f31041	Weight Decay Regimes in Grokking Transformers: Cheap Online Diagnostics	INCLUDE	explicit-claims-results	704	130	0	0	Title: Weight Decay Regimes in Grokking Transformers: Cheap Online Diagnostics. Claim: A localized weight-decay threshold separates internal and behavioral phases. Supporting result: Bootstrap and jackknife threshold estimates use hundreds of runs; multi-task and cross-architecture replications plus paired head reinitialization and norm-clipping controls isolate attention-pattern structure at the transition. Claim: Weight decay controls memorization, developmental, and collapse regimes in attention organization. Supporting result: Dense weight-decay, model-scale, task, architecture, and long-horizon series pair attention coordination/differentiation with the corresponding generalization regimes.
audited	w_04b9b5a3d5792aa4	What Can Grokking Teach Us About Learning Under Nonstationarity?	EXCLUDE	explicit-claims-results	545	105	0	0	Title: What Can Grokking Teach Us About Learning Under Nonstationarity?. Claim: In continual learning problems, it is often necessary to overwrite components of a neural network's learned representation in response to changes in the data… Supporting result: While feature-learning dynamics of nonstationary learning problems are not well studied, the emergence of feature-learning dynamics is known to drive the phenomenon of grokking, wherein neural networks initially memorize their training data and only later exhibit perfect generalization.
audited	w_088b931ffe5cee0f	What do Language Models Learn and When? The Implicit Curriculum Hypothesis	EXCLUDE	explicit-claims-results	1161	220	0	0	Title: What do Language Models Learn and When? The Implicit Curriculum Hypothesis. Claim: We find that emergence orderings of when models reach fixed accuracy thresholds are strikingly consistent ($\rho = .81$ across 45 model pairs), and that… Supporting result: Relative threshold.We alternatively define emergence time as the first checkpoint at which performance reaches a fractionαof the model’s best performance on that task. 3.4 Measuring Representational Similarity To operationalize representational alignment, we require a per-task representation that captures the computation the model performs in order to do the task. Claim: Scaling laws on validation loss tell us how much a model improves with additional compute, but not what skills it acquires in which order. Supporting result: Relative threshold.We alternatively define emergence time as the first checkpoint at which performance reaches a fractionαof the model’s best performance on that task. 3.4 Measuring Representational Similarity To operationalize representational alignment, we require a per-task representation that captures the computation the model performs in order to do the task.
audited	w_dd6e6d084bbc1493	What Happens Inside Agent Memory? Circuit Analysis from Emergence to Diagnosis	EXCLUDE	explicit-claims-results	1042	233	0	0	Title: What Happens Inside Agent Memory? Circuit Analysis from Emergence to Diagnosis. Claim: Both findings transfer across mem0 and A-MEM, indicating that the underlying computations are properties of the base model rather than of any particular interface. Supporting result: We verify this on two out-of-distribution agent long-term memory benchmarks that differing in conversation length and question type: LoCoMo [Maharana et al., 2024] and MemoryAgentBench [Hu et al., 2026], where accuracy remains above 65% without retraining. 8 Discussion Control is detectable before content.Routing circuitry is causal at 0.6B under both systems, while content circuits produce no detectable signal until 4B. Claim: Building on this circuit structure, we develop an unsupervised stage-level diagnostic that localizes silent failures to the responsible operation up to 76.2% accuracy, outperforming… Supporting result: Most relevant, Hanna and Ameisen [2026] trace planning circuits across Qwen-3, finding scale-dependent emergence, and Tigges et al.
audited	w_7afa59979906b85f	What Needs to Go Right for an Induction Head? A Mechanistic Study of In-Context Learning Circuits and Their Formation	INCLUDE	explicit-claims-results	1867	355	0	0	Title: What Needs to Go Right for an Induction Head? A Mechanistic Study of In-Context Learning Circuits and Their Formation. Claim: The induction mechanism represents its computation in a simpler, more efficient internal code selected and used by the model. Supporting result: Ablations and clamping decompose the learned computation into three interacting subcircuits, while multiple induction heads show redundancy and additive contributions. Claim: Interacting induction subcircuits cause a sharp training transition from chance-level behavior to near-perfect in-context generalization. Supporting result: Loss and accuracy change sharply at the same training interval that induction strength rises. Clamping the match/copy components throughout training sharpens, advances, or removes the phase profile, causally showing how three smoothly learned subcircuits generate the discontinuity. Data controls shift the transition and the main mechanism replicates over five model initializations. Claim: The learned induction circuit transfers its abstraction to genuinely unfamiliar task families. Supporting result: The model generalizes to unseen Omniglot exemplars and unseen label pairs, demonstrating genuine held-out performance within the constructed 2-way 1-shot ICL problem. Claim: Training progression and controlled increases in task complexity reorganize the induction circuit and shift when in-context learning forms. Supporting result: Sequences seen is an explicit training control variable: a loss plateau gives way to near-perfect test accuracy while induction heads form. Increasing class count or label count delays distinct subcircuits and the full transition, and training-time clamping isolates the mechanisms producing those shifts. Central subcircuit results hold across five initialization seeds and scaling trends reproduce across most seeds.
audited	w_33b529766cc60dd2	What One Cannot, Two Can: Two-Layer Transformers Provably Represent Induction Heads on Any-Order Markov Chains	INCLUDE	explicit-claims-results	1178	228	0	0	Title: What One Cannot, Two Can: Two-Layer Transformers Provably Represent Induction Heads on Any-Order Markov Chains. Claim: A two-layer, one-head-per-layer transformer compactly represents any conditional k-gram through a dyadic context code and matching operation. Supporting result: The constructive proof encodes the length-k context in the first layer and matches it in the second with one head per layer and compact parameter/precision bounds, avoiding the exponential-width one-layer alternative. Claim: The learned induction mechanism generalizes to arbitrary Markov order k. Supporting result: The theorem supplies a k-dependent construction for any order, but the gradient-descent emergence analysis is restricted to a simplified first-order model under staged optimal-component assumptions. Claim: Increasing depth from one to two layers creates a qualitatively new internal organization that efficiently implements higher-order induction. Supporting result: Depth is the explicit variable: one layer requires exponential width, while two single-head layers implement distinct context-encoding and context-matching stages and recover the conditional k-gram behavior.
audited	w_5362be8fefcfa6c2	When and Where: A Model Hippocampal Network Unifies Formation of Time Cells and Place Cells	INCLUDE	explicit-claims-results	1034	199	0	0	Title: When and Where: A Model Hippocampal Network Unifies Formation of Time Cells and Place Cells. Claim: Masked reconstruction learns distinct place-cell-like and time-cell-like recurrent representations. Supporting result: Uniformly initialized recurrence develops formally measured spatial or sequential temporal codes without those hidden coordinates being assigned; the recurrent state predicts fully masked intervals, and recurrent-matrix replacement plus input/output randomization isolates the learned recurrent regime as the source of sequential coding while reconstruction readout establishes functional use. Claim: Changing the balance and availability of spatial and temporal inputs reorganizes the hidden representation. Supporting result: Event-duration, spatial-mask, and fixed-dimension channel-ratio series move the same predictive autoencoder between place-like, mixed, and time-like population regimes while it reconstructs withheld sensory trajectories; pure spatial and temporal tasks serve as endpoint controls.
audited	w_0b1eb64b020ee8c4	When Do Attention Circuits Form? Developmental Trajectories of Capability and Attention-Sink Emergence Across Three 1B-Class Architectures	EXCLUDE	explicit-claims-results	1302	266	0	0	Title: When Do Attention Circuits Form? Developmental Trajectories of Capability and Attention-Sink Emergence Across Three 1B-Class Architectures. Claim: BOS-attractor formation includes a sharp, capability-linked phase transition during pretraining. Supporting result: OLMo's BOS-class fraction rises from 7.4% at 117B tokens to 70.3% at 264B, whereas Pythia and OLMoE show gradual ramps; the observed jump lies between two coarse published checkpoints. Claim: The developmental circuit pattern generalizes across genuinely different tasks or capability families. Supporting result: The same synthetic induction screen is applied across dense and mixture-of-experts model configurations trained on two corpora, with final-checkpoint cross-validation discussed in companion work. Claim: Training progression reorganizes induction and BOS-attractor circuits across three 1B-class language-model configurations. Supporting result: At 8–10 log-spaced checkpoints per model, participation ratio and capability-selectivity track early circuit formation, later head-membership turnover, and distinct BOS trajectories. Formation- and final-checkpoint group ablations against 4–8 same-layer random controls show that changes in circuit membership alter behavior rather than merely correlating with token count.
audited	w_b1b2841abfaf8ef2	Which Attention Heads Matter for In-Context Learning?	INCLUDE	explicit-claims-results	1838	356	0	0	Title: Which Attention Heads Matter for In-Context Learning?. Claim: A small set of function-vector heads contains a compact task representation sufficient to recover much of ICL behavior. Supporting result: Preserving the top 2% FV heads preserves ICL accuracy under broader ablation; summing selected task-conditioned head outputs into one function vector and injecting it into shuffled prompts recovers most clean-run accuracy for all but Pythia 2.8B. Claim: A phase-like transition from induction to function-vector organization produces the emergence of ICL performance. Supporting result: Induction score rises sharply, but FV score and ICL accuracy are reported to increase gradually; individual-head transitions are gradual and no critical point is replicated across seeds or controls. Claim: The FV-head mechanism generalizes across tasks and model families. Supporting result: The study separates tasks used to score heads from held-out ICL evaluation tasks and repeats across models, but task vectors are still extracted from same-task demonstrations within the ICL paradigm. Claim: Function-vector heads constitute a novel learned representational basis for abstract ICL tasks. Supporting result: The paper defines task vectors as analyst-selected sums of mean residual-stream head outputs; it explicitly labels the interpretation that FV heads perform more abstract computation as speculative. Claim: Increasing model size and training time reorganizes important ICL heads from induction-like heads toward function-vector heads, with the latter increasingly supporting few-shot ICL. Supporting result: Model size and training checkpoint are explicit variables; FV-head ablation becomes more behaviorally consequential in larger models, and tracked individual heads lose induction score while gaining FV score during training.
audited	w_e5708a67b277cfbd	Why Do You Grok? A Theoretical Analysis of Grokking Modular Addition	EXCLUDE	explicit-claims-results	689	151	0	0	Title: Why Do You Grok? A Theoretical Analysis of Grokking Modular Addition. Claim: We show that two-layer quadratic networks that achieve zero training loss with bounded $\ell_{\infty}$ norm generalize well with substantially fewer training points, and further… Supporting result: NTK changes drastically after overfitting, implying that the delayed generalization might be caused by delayed a transitioning from kernel to rich regime.Middle: Reducing initialization scale can mitigate grokking, to the point of completely eliminating the gap between train and test curves.α denotes scale multiplied byθ0, the initial weights according to default PyTorch initialization (He et al., 2015).
audited	w_9f42a69c53e47f06	Why the Brain Consolidates: Predictive Forgetting for Optimal Generalisation	INCLUDE	explicit-claims-results	1280	237	0	0	Title: Why the Brain Consolidates: Predictive Forgetting for Optimal Generalisation. Claim: Learned refinement selectively removes input information while retaining task-relevant information. Supporting result: Mutual-information estimates, held-out cross-fitting, regularization controls, and replay tests show a reduced representation with preserved or improved prediction rather than indiscriminate collapse. Claim: We demonstrate this capacity dependence with simulations in autoencoder-based neocortical models, biologically plausible predictive coding circuits, and Transformer-based language models, and derive quantitative predictions… Supporting result: We further derive quantitative predictions for consolidation-dependent changes in neural representational geometry testable through longitudinal neuroimaging and sleep manipulations. 2 Theoretical Framework Consider a perceptual system learning to distinguish dogs from cats (Fig. 1). Claim: Iterative refinement depth and capacity control progressive predictive forgetting and generalization. Supporting result: Refinement-step, model, objective, and dataset series show nuisance information falling while label information and test performance improve across five vision datasets, GSM8K, and fifty-seed simulations.
audited	w_662491c7dd0e3662	Word class representations spontaneously emerge in a deep neural network trained on next word prediction	EXCLUDE	explicit-claims-results	1495	313	0	0	Title: Word class representations spontaneously emerge in a deep neural network trained on next word prediction. Claim: This surprising result suggests, that also in the human brain, abstract representational categories such as word classes may naturally emerge as a consequence of… Supporting result: This surprising result suggests, that also in the human brain, abstract representational categories such as word classes may naturally emerge as a consequence of predictive coding and processing during language acquisition. arXiv:2302.07588v1 [cs.CL] 15 Feb 2023 Claim: Word class representations spontaneously emerge in a deep neural network trained on next word prediction. Supporting result: Word class representations spontaneously emerge in a deep neural network trained on next word prediction Kishore Surendra 1, Achim Schilling 2,3, Paul Stoewer 3,4, Andreas Maier 4, and Patrick Krauss 2,3,5 1University Hospital Hamburg, Germany 2Neuroscience Lab, University Hospital Erlangen, Germany 3Cognitive Computational Neuroscience Group, University Erlangen-Nuremberg, Germany 4Pattern Recognition Lab, University Erlangen-Nuremberg, Germany 5Linguistics Lab, University Erlangen-Nuremberg, Germany February 16, 2023 Keywords: successor representations, cognitive maps, word classes, deep neural networks, text predic- tion, syntax, construction grammar, usage-based models of language acquisition, ChatGPT Abstract How do humans learn language, and can the ﬁrst language be learned at all?
